DATE,TIME,UNIT_CODE,UNIT_NAME,LECTURER,REGISTERED_STUDENTS,VENUE
THUR 4TH DEC 2025,8:00-10:00AM,BMP2108,Medical Physiology VIII (Git),,122,BL5 HALL
THUR 4TH DEC 2025,8:00-10:00AM,BPT5103,Pharmacy Management Iv,,111,FLT HALL A
THUR 4TH DEC 2025,11:00AM-1:00PM,BPG3101,Pharmacognosy I(Introduction to Pharmacognosy),ONYAMBU MESHACK DR,190,FLT HALL A/B
THUR 4TH DEC 2025,11:00AM-1:00PM,BPT4101,Pharmaceutics V (Physical Pharmacy),,151,BL5 HALL
THUR 4TH DEC 2025,2:00-4:00PM,BMB1204,Bioche mistry IV(Metabolism I),NYANJOM STEVEN DR,99,BL5 HALL
FRI 5TH DEC 2025,8:00-10:00AM,BAF4103,Principl es of Auditing,MOSOTI JARED,88,CC 3
FRI 5TH DEC 2025,8:00-10:00AM,BBM4116,Storage & Logistics,WAMBUI KAMAU IVY,66,CC 6
FRI 5TH DEC 2025,8:00-10:00AM,BCM3223,MEDICINE III (BCM WKND),KAMAU DAVID DR,22,FLT 33
FRI 5TH DEC 2025,8:00-10:00AM,BCN3104,COMMUNITY,HEALTH NURSING III GITONGA JOSEPHAT,58,CC 4
FRI 5TH DEC 2025,8:00-10:00AM,BET2101,Peer Teaching & Media Practical,NJOROGE BENSON DR,225,INDOOR ARENA
FRI 5TH DEC 2025,8:00-10:00AM,BIT4108,INFOR,MATION SYSTEMS AUDIT MWINJI MARGARET,105,BL5 HALL
FRI 5TH DEC 2025,8:00-10:00AM,BMA1102,CALCULUS,I ODUOR GRACE,161,CC 8
FRI 5TH DEC 2025,8:00-10:00AM,BMB2115,Biochemistry Vi (Biochemistry Of Specialized Tissues),KISOI GEORGE,89,FLT HALL B
FRI 5TH DEC 2025,8:00-10:00AM,BMS2209,MEDICAL,SURGICAL NURSING IV AKINYI VERA,46,FLT 39
FRI 5TH DEC 2025,8:00-10:00AM,BND2204,Food Security,MUTUTHO LEAH,62,CC 2
FRI 5TH DEC 2025,8:00-10:00AM,BPH2222,/ BPH4116 - Applied Epidemiology,I MUTHOKI LYNNET,59,CC 1
FRI 5TH DEC 2025,8:00-10:00AM,BPH4203,Health Economics,MMBONE VIVIANNE,170,INDOOR ARENA
FRI 5TH DEC 2025,8:00-10:00AM,BPL2104,Clinical Pharmacology II (BCM),ONDIEKI GREGORY DR,59,CC 5
FRI 5TH DEC 2025,8:00-10:00AM,BPT5104,Pharmacy Management,V KARANJA SOLOMON DR,112,CC 7
FRI 5TH DEC 2025,8:00-10:00AM,BPY1103,ELECTRICITY,AND MAGNETISM I NDERITU MOSES,44,FLT 32
FRI 5TH DEC 2025,8:00-10:00AM,BSE4218,Guidan ce & Counselling For Learners with SNE KIMANI CECILIA DR.,,93,FLT HALL A
FRI 5TH DEC 2025,11:00AM-1:00PM,BDS3103,Dental Materials,V IRUNGU BERNARD,43,CC 4
FRI 5TH DEC 2025,11:00AM-1:00PM,BDS4101,Cobalt Chrome,V KIILU PAUL,25,FLT 18
FRI 5TH DEC 2025,11:00AM-1:00PM,BHU2113,AFRICA,POLITICAL HISTORY MUHINDI SOLOMON DR,92,CC 6
FRI 5TH DEC 2025,11:00AM-1:00PM,BIT3105,Manage ment Information Systems,NDINDA WILKISTER,131,CC 7
FRI 5TH DEC 2025,11:00AM-1:00PM,BMA2102,Probability and Statistics II (ALL OTHER PROGS),KALOKI MIRIAM,344,INDOOR ARENA
FRI 5TH DEC 2025,11:00AM-1:00PM,BMA2102,Probability and Statistics II (BSCCS),KALOKI MIRIAM,181,CTA HALL/CTA 6
FRI 5TH DEC 2025,11:00AM-1:00PM,BML2206,CLINICAL,IMMUNOLOGY KARIUKI STEPHEN,32,FLT 17
FRI 5TH DEC 2025,11:00AM-1:00PM,BMM1202,Medical Microbiology,I MAKHATSA WENSLEUS,166,FLT HALL A
FRI 5TH DEC 2025,11:00AM-1:00PM,BPC4101,Spectroscopy,III PROF RAMALINGAM RAMANI,151,CC 8
FRI 5TH DEC 2025,11:00AM-1:00PM,BPL2105,Clinical Pharmacology,III MURITHI DAVID,61,CC5
FRI 5TH DEC 2025,11:00AM-1:00PM,BSE4205,Basic English Braille,MURIU JOSEPH,9,FLT 19
FRI 5TH DEC 2025,2:00-4:00PM,BBM3107,Huma n Resource Mngt,KEMBU APPOLONIUS DR,120,CC 4/5
FRI 5TH DEC 2025,2:00-4:00PM,BCM3224,MEDICINE,IV KAMAU DAVID DR,24,FLT 19
FRI 5TH DEC 2025,2:00-4:00PM,BCM4202,Dermatology,AMATU MARY DR,62,CC 6
FRI 5TH DEC 2025,2:00-4:00PM,BHU1101,Introduction To Critical Thinking And Logic (ALL OTHER PROGS),WAMALWA MARTIN DR,448,INDOOR ARENA
FRI 5TH DEC 2025,2:00-4:00PM,BHU1101,Introduction To Critical Thinking And Logic (BEDA),WAMALWA MARTIN DR,137,CT HALL
FRI 5TH DEC 2025,2:00-4:00PM,BLA1217,Socioli nguistics in Kiswahili,KAWIRA ROSE DR,327,CC 7/8
FRI 5TH DEC 2025,2:00-4:00PM,BMA1204,Calculus,II ODUOR GRACE,389,FLT HALL A/B/HALL II
FRI 5TH DEC 2025,2:00-4:00PM,BND1102,Introduction to Nutrition and Dietetics,WAHOME EMILY,169,CC 1/2
FRI 5TH DEC 2025,2:00-4:00PM,BND2211,Nutrition,MUTUTHO LEAH,48,FLT 27
FRI 5TH DEC 2025,2:00-4:00PM,BNE3201,Leadership And Management In Nursing,II WAMBUI ANNEBEATRICE,34,FLT 18
FRI 5TH DEC 2025,2:00-4:00PM,BPC3103,Pharmaceutical Chemistry III (Analytical Methods I),,99,CC 3
FRI 5TH DEC 2025,2:00-4:00PM,BPH3102,Global Public Health,KIMANI EUNICE DR,38,FLT 17
FRI 5TH DEC 2025,2:00-4:00PM,BPH3119,Conservancy And Drainage,II OGUTA ZADDOC,123,CT HALL
FRI 5TH DEC 2025,2:00-4:00PM,BSE4219,Introdu ction to Special Education,MUREITHI PURITY,129,BL5 HALL
SAT 6TH DEC 2025,8:00-10:00AM,BMB2116,Biochemistry Vii (Clinical Biochemistry),,116,BL5 HALL
SAT 6TH DEC 2025,8:00-10:00AM,BND4105,Nutrition In Sports,,33,FLT HALL A
SAT 6TH DEC 2025,8:00-10:00AM,BPT5101,Pharmaceutics Ix (Dosage Forms),,110,FLT HALL B
SAT 6TH DEC 2025,11:00AM-1:00PM,BPT4102,Pharmaceutics Vi (Unit Operations),,105,BL5 HALL
SAT 6TH DEC 2025,2:00-4:00PM,BPL3102,Pharmacology I (BPHARM),OBAT RHODA DR,200,FLT HALL A/B
SAT 6TH DEC 2025,2:00-4:00PM,BPH2201,Communicable Diseases (BPH ONLY),MUTHOKI LYNNET,80,BL5 HALL
SUN 7TH DEC 2025,8:00-10:00AM,BCH2107,Spectroscopy I,,86,FLT HALL A
SUN 7TH DEC 2025,8:00-10:00AM,BDS4202,Crown And Bridge,VI,83,FLT HALL B
SUN 7TH DEC 2025,8:00-10:00AM,BPL5103,Pharmacology Xii ( Chemotherapy Of Parasitics),,110,BL5 HALL
SUN 7TH DEC 2025,11:00AM-1:00PM,BPL4105,Pharmacology VII (Cvs Pharmacology),,104,BL5 HALL
SUN 7TH DEC 2025,2:00-4:00PM,BPC3101,Pharmaceutical Chemistry I (Analytical Pharmaceuti...,,190,FLT HALL A/B
MON 8TH DEC 2025,8:00-10:00AM,BAF3102,Financial Management,II NYAGA GILBERT DR,114,CC 6
MON 8TH DEC 2025,8:00-10:00AM,BBM3102,Labour Economics,MWANGI MAURICE,51,CT 3:2A/3:3A
MON 8TH DEC 2025,8:00-10:00AM,BBY4115,Bioinfo rmatics,RAEY WINNIE,15,CT 3:1A
MON 8TH DEC 2025,8:00-10:00AM,BCH2203,Spectroscopic Methods Of Analysis,CHEBII FAITH DR,26,FLT 21
MON 8TH DEC 2025,8:00-10:00AM,BCH3106,Metallurgy NDUNG'U,ESTHER,16,CT 3:5A
MON 8TH DEC 2025,8:00-10:00AM,BCM3111,Health Law And Ethics,OKARI GEOFFREY,42,FLT 36
MON 8TH DEC 2025,8:00-10:00AM,BCM3123,Medical Sociology And Anthropology,MBUGUA RACHEL DR,58,CT 7:3A
MON 8TH DEC 2025,8:00-10:00AM,BCM4116,Reproductive Health V M /,AN,88,CC 1
MON 8TH DEC 2025,8:00-10:00AM,BCP1103,Person ality Theories,GICHARU EMMANUEL DR,121,FLT HALL A
MON 8TH DEC 2025,8:00-10:00AM,BDS1104,Tooth Morphology,MITUGO PETER,44,CT 3:4A
MON 8TH DEC 2025,8:00-10:00AM,BDS3111,Oral Pathology/ Medicine,WAWERU LUCY DR,27,FLT 22
MON 8TH DEC 2025,8:00-10:00AM,BED1104,Introduction to Sociology,MUTUNDU KENNEDY PROF,128,CC 7
MON 8TH DEC 2025,8:00-10:00AM,BED4110,DISAS,TER MANAGEM ENT WANJIRU NGUNYI,46,CT 5:4A/5:5A
MON 8TH DEC 2025,8:00-10:00AM,BEG1207,PHYSICS,FOR ENGINEERS II KINEENE MIRIAM,39,FLT 31
MON 8TH DEC 2025,8:00-10:00AM,BEP3101,Educational Measurement & Evaluation MACHARIA SUSAN DR.,,204,CT HALL
MON 8TH DEC 2025,8:00-10:00AM,BET3215,Subject Methods Computer,GIKANDI JOYCE DR,19,FLT 17
MON 8TH DEC 2025,8:00-10:00AM,BHA1107,Human Anatomy I (BCM),MUTHONI PERIS DR,65,FLT 27
MON 8TH DEC 2025,8:00-10:00AM,BHA1107,/1108 - Human Anatomy I (BSCOH/BPH),KABAYA KIBE DR,73,FLT HALL II
MON 8TH DEC 2025,8:00-10:00AM,BHT2201,FRON,T OFFICE OPERATION II ODHUNO EDWIN PROF,53,CT 8:3A
MON 8TH DEC 2025,8:00-10:00AM,BHT3201,EVENT,S MANAGEMEN T NYAMBURA PHOEBE,55,CT 8:1A
MON 8TH DEC 2025,8:00-10:00AM,BHU3226,UNIVERSAL,HISTORY WAFULA PETER DR,115,FLT HALL B
MON 8TH DEC 2025,8:00-10:00AM,BIT4102,Comput er Graphics,OKELLO FREDRICK,154,CC8
MON 8TH DEC 2025,8:00-10:00AM,BIT4217,Total Quality Mngt For,IT MUCHIRI NYAGA,155,INDOOR ARENA
MON 8TH DEC 2025,8:00-10:00AM,BJL2116,MEDIA,LAW AND ETHICS WAMATHU JANE,26,FLT 18
MON 8TH DEC 2025,8:00-10:00AM,BJL4108,Audienc e Behavior,NGURE FAITH,41,FLT 37
MON 8TH DEC 2025,8:00-10:00AM,BLA1114,HISTO RICAL DEV'T,OF KISWAHILI NJOGU GLADYS,67,FLT 39
MON 8TH DEC 2025,8:00-10:00AM,BMA1104,Probability and Statistics,I KABUE TIMOTHY DR,233,INDOOR ARENA
MON 8TH DEC 2025,8:00-10:00AM,BMA4116,Time Series Analysis Ii,CHEGE CHARLES,8,CT 5:1A
MON 8TH DEC 2025,8:00-10:00AM,BMB1104,Biochemistry I (Introduction To Biochemistry) (BPHARM),NYANJOM STEVEN DR,105,CC 3
MON 8TH DEC 2025,8:00-10:00AM,BMB1113,Medical Biochemistry (BSCN),KIMUNI SUSAN DR,99,CC 2
MON 8TH DEC 2025,8:00-10:00AM,BML1211,Biotechnology in Medical Laboratory Science,OMWANGO EVANS,39,FLT 30
MON 8TH DEC 2025,8:00-10:00AM,BML2207,MEDICAL,PARASITOLO GY I WANGUI MARY DR,32,FLT 24
MON 8TH DEC 2025,8:00-10:00AM,BML2212,Food Air And Water Microbiology KANG'ETHE,STANLEY DR,37,FLT 29
MON 8TH DEC 2025,8:00-10:00AM,BML3104,BLOOD TRANSFUSION SCIENCE I (VIRTUAL),MANDANIA ESTHER DR,53,CT 2:2A/2:3A
MON 8TH DEC 2025,8:00-10:00AM,BML3119,Diagnostic Immunology And Immunopatholog y,KARIUKI STEPHEN,20,FLT 19
MON 8TH DEC 2025,8:00-10:00AM,BML3213,Introduction To Computational Biology And Bioinfor...,MURUGI ALICE DR,42,FLT 35
MON 8TH DEC 2025,8:00-10:00AM,BML4101,Clinical Chemistry II (REG),WAITHAKA STANLEY DR,33,FLT 28
MON 8TH DEC 2025,8:00-10:00AM,BMS2201,MEDICAL,SURGICAL NURSING III AKINYI VERA,48,CT 4:4A/4:5A
MON 8TH DEC 2025,8:00-10:00AM,BPC5101,Pharm aceutical Chemistry XIII (Good Manufactu ring Practices),TWAHIRWA EPAPHRODITE DR,111,CC 5
MON 8TH DEC 2025,8:00-10:00AM,BPH1108,Community Health And Social Medicine,RUTO PATRICK,52,CT 2:4A/2:5A
MON 8TH DEC 2025,8:00-10:00AM,BPH3109,Health Systems Management,I MUCHIRI JOSEPH DR,67,FLT 33
MON 8TH DEC 2025,8:00-10:00AM,BPY1107,Mechanics,I MWANGI SIMON,66,FLT 32
MON 8TH DEC 2025,8:00-10:00AM,BSE3101,MANA GEMENT OF BD &,SM,33,FLT 25
MON 8TH DEC 2025,8:00-10:00AM,BSE4103,Perceptual Impairments And Specific Learning Disab... KIMANI CECILIA DR.,,18,FLT 34
MON 8TH DEC 2025,8:00-10:00AM,BSE4109,Low Vision,MURIU JOSEPH,47,CT 5:2A/5:3A
MON 8TH DEC 2025,11:00AM-1:00PM,BAF4105,Invest ment Banking & Brokerage,MUNYUA JOHN,23,FLT 35
MON 8TH DEC 2025,11:00AM-1:00PM,BBM2104,Public Sector Management,KATHAMBI FLORENCE,11,FLT 29
MON 8TH DEC 2025,11:00AM-1:00PM,BBM4106,CONSUMER,BEHAVIOUR NYOKABI SUSAN,10,FLT 28
MON 8TH DEC 2025,11:00AM-1:00PM,BCH3204,Chemi stry of Natural Products,GITAU DENNIS DR,19,FLT 31
MON 8TH DEC 2025,11:00AM-1:00PM,BCM3118,Pediatrics And Child Health,II KAMAU MAINA DR,67,FLT 39
MON 8TH DEC 2025,11:00AM-1:00PM,BCP2203,Fundamentals Of Child And Adolescence Therapy K'OKUL FLORENCE DR.,,72,FLT HALL II
MON 8TH DEC 2025,11:00AM-1:00PM,BEG3144,PETR,OLEUM PRODUCTION TECHNOLOGY I ODEK ANTONY DR,37,FLT 37
MON 8TH DEC 2025,11:00AM-1:00PM,BEG3236,Real Estate Valuation Techniques,MWENDA MAKATHIMO DR,42,CT 8:1A
MON 8TH DEC 2025,11:00AM-1:00PM,BET3204,Subject Methods Business,NJOROGE BENSON DR,59,FLT 32
MON 8TH DEC 2025,11:00AM-1:00PM,BET3213,Subject Methods Biology,MWANIKI SOLOMON DR,81,CC 5
MON 8TH DEC 2025,11:00AM-1:00PM,BHA2114,Human Anatomy,VI MUTHONI PERIS DR,34,FLT 36
MON 8TH DEC 2025,11:00AM-1:00PM,BHU1105,INTRODUCTION,TO ISLAM ADAN AMIN,49,FLT 27
MON 8TH DEC 2025,11:00AM-1:00PM,BHU2102,Climatology,WAITHAKA ANN DR,225,FLT HALL A/B
MON 8TH DEC 2025,11:00AM-1:00PM,BIT2102,Fundam entals of Internet,SAWE LINDAH,266,INDOOR ARENA
MON 8TH DEC 2025,11:00AM-1:00PM,BIT3231,Information Systems Audit,II MWINJI MARGARET,47,CT 7:3A
MON 8TH DEC 2025,11:00AM-1:00PM,BJL1101,Langua ge Skills in Journalism,MURIUKI ROBERT,101,CC 7
MON 8TH DEC 2025,11:00AM-1:00PM,BJL2212,DIGITA,L VIDEO EDITING MURIMI MORES,73,CC 6
MON 8TH DEC 2025,11:00AM-1:00PM,BLA1220,Intro. to study of kiswahili Literature,KAWIRA ROSE DR,42,CT 8:3A
MON 8TH DEC 2025,11:00AM-1:00PM,BMA4102,Probability and statisctics,III MBURU MICHAEL,95,CC 1
MON 8TH DEC 2025,11:00AM-1:00PM,BMB1104,Biochemistry I (Introduction To Biochemistry) (BMLS/BSCCHD),RAEY WINNIE,85,CC 3
MON 8TH DEC 2025,11:00AM-1:00PM,BMB1112,Biochemistry III (Cell Biology),MBOGO KELVIN DR,82,CC 4
MON 8TH DEC 2025,11:00AM-1:00PM,BMM2108,Medical Parasitology (BSCN),NGALA JONATHAN DR,111,CC 8
MON 8TH DEC 2025,11:00AM-1:00PM,BMM2113,General Microbiology And Bacteriology,GITAU PETER,106,CT HALL
MON 8TH DEC 2025,11:00AM-1:00PM,BMP2204,Medic al Physiology XI (Integrative),MAPESA AMOS DR,90,CC 2
MON 8TH DEC 2025,11:00AM-1:00PM,BMW2103,MIDWIFERY,II MATE ESTHER,60,FLT 33
MON 8TH DEC 2025,11:00AM-1:00PM,BND3210,Functional Foods And Nutraceuticals,KINYUNGU ALICE,22,FLT 34
MON 8TH DEC 2025,11:00AM-1:00PM,BPC4102,Pharmac eutical Chemistry VII (Nuclear magnetic resonance and mass spectroscopy ),PROF RAMALINGAM RAMANI,152,INDOOR ARENA
MON 8TH DEC 2025,11:00AM-1:00PM,BPH3220,Leader ship & Governance in Health,MARITIM VIOLET DR,18,FLT 30
MON 8TH DEC 2025,2:00-4:00PM,BAF4102,Internat ional Finance,MUNYUA JOHN,23,FLT 29
MON 8TH DEC 2025,2:00-4:00PM,BBM1202,Princip les of Marketing,NYOKABI SUSAN,285,FLT HALL A/B
MON 8TH DEC 2025,2:00-4:00PM,BBM2203,Public Policy Formulation And Management,MACHIRA JOSEPH,74,FLT 39
MON 8TH DEC 2025,2:00-4:00PM,BBM4215,Negoti ation,WAMBUI KAMAU IVY,30,FLT 36
MON 8TH DEC 2025,2:00-4:00PM,BCM3227,Reproductive Health,IV MAKAU PENINAH DR,24,FLT 30
MON 8TH DEC 2025,2:00-4:00PM,BCN3105,Community Health Nursing,IV MUTIE CYRUS,61,FLT 33
MON 8TH DEC 2025,2:00-4:00PM,BDS4104,Dental Materials,VII IRUNGU BERNARD,30,FLT 35
MON 8TH DEC 2025,2:00-4:00PM,BED2220,Religion And Society,TABUKA ELIZABETH,109,INDOOR ARENA
MON 8TH DEC 2025,2:00-4:00PM,BEM1202,Funda mentals of pedagogy,NGUNJU ALICE,196,CC 1/2
MON 8TH DEC 2025,2:00-4:00PM,BET3206,Subject Methods,IRE ADAN AMIN,17,FLT 25
MON 8TH DEC 2025,2:00-4:00PM,BHA1201,Human Anatomy II (BSCOH),KABAYA KIBE DR,15,FLT 24
MON 8TH DEC 2025,2:00-4:00PM,BIT1210,Physics for Computing,KABURU DENIS DR,6,FLT 22
MON 8TH DEC 2025,2:00-4:00PM,BIT3204,Network Management,WANJIRU CATHERINE,308,CC 7/8
MON 8TH DEC 2025,2:00-4:00PM,BJL1109,PHOTO,GRAPHY MWANGANGI MICHAEL,29,FLT 34
MON 8TH DEC 2025,2:00-4:00PM,BLA3111,Second Language Acquisation,WANGARI STELLA,85,CC 6
MON 8TH DEC 2025,2:00-4:00PM,BMA2202,Business Statistics,I GIKONYO JOHN,309,INDOOR ARENA
MON 8TH DEC 2025,2:00-4:00PM,BMA2206,DECISION,THEORY CHEGE CHARLES,54,FLT 32
MON 8TH DEC 2025,2:00-4:00PM,BMB1110,Biochemistry For Applied Sciences,OMWANGO EVANS,26,FLT 31
MON 8TH DEC 2025,2:00-4:00PM,BML1107,Medical laboratory biosafety & biosecurity KANG'ETHE,STANLEY DR,53,FLT 27
MON 8TH DEC 2025,2:00-4:00PM,BML1209,Phlebo tomy,WAITHAKA STANLEY DR,39,CT 2:2A
MON 8TH DEC 2025,2:00-4:00PM,BML3117,Diagnostic Blood Transfusion Science,MANDANIA ESTHER DR,20,FLT 28
MON 8TH DEC 2025,2:00-4:00PM,BML3207,Virology,KARIUKI STEPHEN,38,CT 2:4A
MON 8TH DEC 2025,2:00-4:00PM,BML3212,Health Systems Management And Leadership,MURUGI ALICE DR,41,CT 8:3A
MON 8TH DEC 2025,2:00-4:00PM,BMP1202,Human Physiology III (BCM),MUKALA JOSEPH DR,100,CC 3
MON 8TH DEC 2025,2:00-4:00PM,BMS3203,CRITI,CAL CARE AND NEPHROLOGY MWANGI VIRGINIA,33,FLT 37
MON 8TH DEC 2025,2:00-4:00PM,BNE4201,CURRI,CULUM AND INSTRUCTION IN NURSING WAWERU LUCY,51,CT 8:1A
MON 8TH DEC 2025,2:00-4:00PM,BPG3102,Pharmacognosy,II,189,CC 4/5
MON 8TH DEC 2025,2:00-4:00PM,BPH3118,Water Supply And Quality Control,II OGUTA ZADDOC,76,FLT HALL II
MON 8TH DEC 2025,2:00-4:00PM,EBCU005,Resea rch Proposal Writing Skills,KIMOTHO JOSEPH DR,258,CT HALL
MON 8TH DEC 2025,2:00-4:00PM,HBCU008,Research Methodology and Project,KIMANI RACHAEL DR,52,CT 7:3A
TUE 9TH DEC 2025,8:00-10:00AM,BCH2105,Physical chemistry,III WARUGURU ROSE,184,INDOOR ARENA
TUE 9TH DEC 2025,8:00-10:00AM,BCH3203,Chemi stry of Aromatic Compunds,CHEBII FAITH DR,146,FLT HALL A
TUE 9TH DEC 2025,8:00-10:00AM,BCH4107,POLYMER,CHEMISTRY GITAU DENNIS DR,23,FLT 29
TUE 9TH DEC 2025,8:00-10:00AM,BCM4110,Mental Health & Substance Abuse,KAMAU KANYORO DR,66,CC 2
TUE 9TH DEC 2025,8:00-10:00AM,BCM4115,PEDIATRICS &,CHILD HEALTH IV KAMAU MAINA DR,86,FLT 32
TUE 9TH DEC 2025,8:00-10:00AM,BCP1104,Self-Awareness And Personal Development,MAROKO MOKUA DR,111,CC 4
TUE 9TH DEC 2025,8:00-10:00AM,BDS2108,Orthodontics,WAWERU LUCY DR,43,CT 2:2A
TUE 9TH DEC 2025,8:00-10:00AM,BDS3104,Orthodontics,III KIILU PAUL,41,CT 2:4A
TUE 9TH DEC 2025,8:00-10:00AM,BED1201,Introdu ction to Macroeconomics HN /,KN,174,INDOOR ARENA
TUE 9TH DEC 2025,8:00-10:00AM,BED4124,SCIEN,CE AND TECHNOLOGY IN DEVELOPME NT WACHIRA MARY,9,FLT 22
TUE 9TH DEC 2025,8:00-10:00AM,BEG4214,Petroleum Products Transport And Operations,SAYYID NYANGWA,46,CT 7:3A
TUE 9TH DEC 2025,8:00-10:00AM,BEM2101,Curric ulum Developme nt,KIRIMI JOSPHINE DR,172,CT HALL
TUE 9TH DEC 2025,8:00-10:00AM,BEP1104,Introduction To Educational Psychology (BSCN )KIRAGU,TERRY DR,54,FLT 27
TUE 9TH DEC 2025,8:00-10:00AM,BHA1107,Human Anatomy I (BMLS VIRTUAL),WAMITI LAWRENCE,53,FLT 39
TUE 9TH DEC 2025,8:00-10:00AM,BHR1105,HEALT,H DATA CLASSIFICATIO N I KIONGO JOSPHAT DR,23,FLT 28
TUE 9TH DEC 2025,8:00-10:00AM,BHT3114,CRISIS MANAGEMENT IN HOSPITALITY &,TOURISM NYAMBURA PHOEBE,46,CT 8:1A
TUE 9TH DEC 2025,8:00-10:00AM,BHU3114,History Of West Africa,I NDOGOTO TABITHA,46,CT 8:3A
TUE 9TH DEC 2025,8:00-10:00AM,BHU3209,Islamic Theology,ADAN AMIN,28,FLT 31
TUE 9TH DEC 2025,8:00-10:00AM,BIT1202,Introduction to Web Design (BSCIT),SAWE LINDAH,218,CC 5/6
TUE 9TH DEC 2025,8:00-10:00AM,BIT1202,Introduction to Web Design (BSSCS/BBIT),SAWE LINDAH,293,CC7/8
TUE 9TH DEC 2025,8:00-10:00AM,BJS2110,INTRO,DUCTION TO INTERNATIONA L SECURITY NJOKI KIMANI,76,FLT HALLL B
TUE 9TH DEC 2025,8:00-10:00AM,BMA2215,Linear Programming,MBURU MICHAEL,30,FLT 34
TUE 9TH DEC 2025,8:00-10:00AM,BMB1203,Medical Biochemistry,II KIMUNI SUSAN DR,102,CC 3
TUE 9TH DEC 2025,8:00-10:00AM,BML1212,Nuclear Medicine and Imaging,KIMANI RACHAEL DR,38,CT 3:4A
TUE 9TH DEC 2025,8:00-10:00AM,BML3103,Bacteriology I KANG'ETHE,STANLEY DR,31,FLT 35
TUE 9TH DEC 2025,8:00-10:00AM,BML3115,Diagno stic Parasitology,WANGUI MARY DR,20,FLT 24
TUE 9TH DEC 2025,8:00-10:00AM,BML4101,Clinical Chemistry II (VIRTUAL),WAITHAKA STANLEY DR,38,FLT 37
TUE 9TH DEC 2025,8:00-10:00AM,BMM4101,IMMUNOPATHOLOGY,SITATI CONCEPTA,24,FLT 30
TUE 9TH DEC 2025,8:00-10:00AM,BMS1102,Nursing Skills (BCM),KIRUI BRIAN,56,CC 1
TUE 9TH DEC 2025,8:00-10:00AM,BMW3202,FAMILY PLANNING &,CONTRACEPTION KAMAU MARY,32,FLT 36
TUE 9TH DEC 2025,8:00-10:00AM,BND3202,Therapeutic Dietetics,I MIRITI SUSSYANN,22,FLT 25
TUE 9TH DEC 2025,8:00-10:00AM,BPA2105,Pathophysiology,II WAMBUI ANNEBEATRICE,60,FLT HALL II
TUE 9TH DEC 2025,8:00-10:00AM,BPL1201,Pharmacology And Pharmacognosy (BMLS VIRTUAL),MENGE DENNIS DR,41,CT 3:2A
TUE 9TH DEC 2025,8:00-10:00AM,BSE1101,Introduction to Special Needs Education KIMANI CECILIA DR.,,126,FLT 33/34
TUE 9TH DEC 2025,11:00AM-1:00PM,BAF3204,Principl es of Taxation,MURIUKI GEOFFREY,31,FLT 36
TUE 9TH DEC 2025,11:00AM-1:00PM,BBM3101,Emplo yee Sourcing,NGULI CATHERINE,42,CT 3:2A
TUE 9TH DEC 2025,11:00AM-1:00PM,BBY4117,Medica l Biotechnology,SIFUNA PAUL DR,15,FLT 31
TUE 9TH DEC 2025,11:00AM-1:00PM,BCP2212,Chemical And Non Chemical Addiction K'OKUL FLORENCE DR.,,39,CT 2:2A
TUE 9TH DEC 2025,11:00AM-1:00PM,BDS2101,COBALT,CHROME I KANGOGO JOSEPH,53,FLT 32
TUE 9TH DEC 2025,11:00AM-1:00PM,BDS3109,Cariology,II,81,FLT HALL II
TUE 9TH DEC 2025,11:00AM-1:00PM,BED1101,Introdu ction to Micro Economics,NYARIKI KENNEDY DR,384,FLT HALL A/B/HALL II
TUE 9TH DEC 2025,11:00AM-1:00PM,BED2107,Project Planning & Management,TABUKA ELIZABETH,48,CT 7:3A
TUE 9TH DEC 2025,11:00AM-1:00PM,BED4224,Strategic Development Planning,NINA TUMAINI,33,FLT 37
TUE 9TH DEC 2025,11:00AM-1:00PM,BEG4129,REAL,ESTATE AGENCY LINGULI GODFREY,45,CT 8:3A
TUE 9TH DEC 2025,11:00AM-1:00PM,BEG5111,WIREL,ESS COMMUNIC ATION JUMA OSCAR,29,FLT 35
TUE 9TH DEC 2025,11:00AM-1:00PM,BHT1101,FOOD,PRODUCTION THEORY I OCHIKI ANNE,63,FLT 39
TUE 9TH DEC 2025,11:00AM-1:00PM,BIT3102,Event Driven Programming (BSCIT),MWANGI BONIFACE,270,CC 5/6
TUE 9TH DEC 2025,11:00AM-1:00PM,BIT3102,Event Driven Programming (BSSCS/BBIT),MWANGI BONIFACE,324,CC 7/8
TUE 9TH DEC 2025,11:00AM-1:00PM,BJL2206,SOCIO,LOGY OF COMMUNICATI ON MURIUKI ROBERT,116,CC 3
TUE 9TH DEC 2025,11:00AM-1:00PM,BJS4139,HUMA,N RIGHTS AND CRIMINAL JUSTICE WASWA AMBROSE,67,CC 4
TUE 9TH DEC 2025,11:00AM-1:00PM,BLA1111,CRITIC,AL READING AND RESPONS E NJOKI MARGARET DR,492,INDOOR ARENA
TUE 9TH DEC 2025,11:00AM-1:00PM,BMA4202,Regression Modelling,CHEGE CHARLES,9,FLT 29
TUE 9TH DEC 2025,11:00AM-1:00PM,BML2119,HAEMATOLOGY I (BMLS VIRTUAL),MANDANIA ESTHER DR,52,FLT 27
TUE 9TH DEC 2025,11:00AM-1:00PM,BMP2117,HUMAN,PHYSIOLOGY VI WANJALA SAMWEL DR,34,CT 2:4A
TUE 9TH DEC 2025,11:00AM-1:00PM,BNE3101,Leadership And Management In Nursing,I MUSYOKA ANNA,57,FLT 33
TUE 9TH DEC 2025,11:00AM-1:00PM,BPC5102,Pharm aceutical Chemistry XIV ( Introduction to Chromatography),TWAHIRWA EPAPHRODITE DR,112,CC 2
TUE 9TH DEC 2025,11:00AM-1:00PM,BPG4101,Pharm acognosy V (Phenolic cpds)),AMWAYI ELIZABETH DR,152,CT HALL
TUE 9TH DEC 2025,11:00AM-1:00PM,BPH2224,Community Health Services,MUCHIRI JOSEPH DR,74,CC 1
TUE 9TH DEC 2025,11:00AM-1:00PM,BPH4112,Fudam entals of Health Disaster Management,MARITIM VIOLET DR,18,FLT 34
TUE 9TH DEC 2025,11:00AM-1:00PM,BPY3102,ELECTRICITY,AND MAGNETISM II ADERO OCHIENG DR,15,FLT 30
TUE 9TH DEC 2025,11:00AM-1:00PM,BSE4102,Vocatio nal Rehabilitation & Career Guidance,KAKUI WELLINGTON,46,CT 8:1A
TUE 9TH DEC 2025,2:00-4:00PM,BAF2206,Principl es of Risk Mngt & Insurance,MUMARAKI JOAN,338,FLT HALL A/B/HALL II
TUE 9TH DEC 2025,2:00-4:00PM,BBM4201,ETHIC S AND SOCIAL RESPONSIBILITI ES(Elec),MACHIRA JOSEPH,54,FLT 39
TUE 9TH DEC 2025,2:00-4:00PM,BBM4226,Principles Of Organizational Planning And Accounta...,THORONJO ERASTUS DR,35,FLT 37
TUE 9TH DEC 2025,2:00-4:00PM,BDS1202,DENTAL,MATERIALS II IRUNGU BERNARD,20,FLT 35
TUE 9TH DEC 2025,2:00-4:00PM,BHR1204,Monito ring & Evaluation in Health Care,WANJA JACKLINE,14,FLT 30
TUE 9TH DEC 2025,2:00-4:00PM,BHT2212,Domes tic & International Tourism WANG'OMBE,LAWRENCE,43,CT 8:1A
TUE 9TH DEC 2025,2:00-4:00PM,BHU1102,Introdu ction to Philosophy,NZENGU THEOPHELUS DR,121,CC 4
TUE 9TH DEC 2025,2:00-4:00PM,BHU2202,Religio n & Political Movements in Africa,KINUTHIA REGINA DR,59,CC 1
TUE 9TH DEC 2025,2:00-4:00PM,BIT1101,Comput er Architecture,MUCHIRI NYAGA,438,INDOOR ARENA
TUE 9TH DEC 2025,2:00-4:00PM,BJL3213,FILM,DIRECTING II MURIMI MORES,46,FLT 32
TUE 9TH DEC 2025,2:00-4:00PM,BLA3226,Theorie s of Literary Criticism in Kiswahili,NJOGU GLADYS,44,FLT 27
TUE 9TH DEC 2025,2:00-4:00PM,BMA1111,Basic Mathematics (ALL OTHER PROGS),NJOROGE JAMES,190,CC 5/6
TUE 9TH DEC 2025,2:00-4:00PM,BMA1111,Basic Mathematics(BEDS),NJOROGE JAMES,349,CC 7/8
TUE 9TH DEC 2025,2:00-4:00PM,BML1106,"Medical Laboratory Ethics, Law And Professionalism",WANGUI MARY DR,52,FLT 33
TUE 9TH DEC 2025,2:00-4:00PM,BML1210,Cytopathology,WAMITI LAWRENCE,38,CT 2:2A
TUE 9TH DEC 2025,2:00-4:00PM,BML3114,Diagno stic Microbiology KANG'ETHE,STANLEY DR,20,FLT 34
TUE 9TH DEC 2025,2:00-4:00PM,BML3203,Blood Transfusion Science,II MANDANIA ESTHER DR,37,CT 2:4A
TUE 9TH DEC 2025,2:00-4:00PM,BML3214,Forensic Science And Toxicology,WAITHAKA STANLEY DR,41,CT 8:3A
TUE 9TH DEC 2025,2:00-4:00PM,BMM2101,Principles Of Microbiology And Parasitology,MAKHATSA WENSLEUS,25,FLT 36
TUE 9TH DEC 2025,2:00-4:00PM,BMP1112,Human Physiology II (BSCN),GITAU WILLIAM DR,97,CC 2
TUE 9TH DEC 2025,2:00-4:00PM,BMW2201,MIDWIFERY,III WAMBUI ANNEBEATRICE,44,CT 7:3A
TUE 9TH DEC 2025,2:00-4:00PM,BPC3102,Pharm aceutical chemistry II Introduction to analytical methods,TWAHIRWA EPAPHRODITE DR,189,CT HALL
TUE 9TH DEC 2025,2:00-4:00PM,BPH3224,Disaster Preparedness And Managemen t,GITONGA BETTY,98,CC 3
TUE 9TH DEC 2025,2:00-4:00PM,BSE2205,Trends in Education of Learners with,EBD OMURWA JOHNSON,18,FLT 31
WED 10TH DEC 2025,8:00-10:00AM,BAF2105,Busine ss Law,MATHENGE DAMARIS,116,FLT 39/37
WED 10TH DEC 2025,8:00-10:00AM,BAF4104,Specialized Accounting,I NYAGA GILBERT DR,36,FLT 31
WED 10TH DEC 2025,8:00-10:00AM,BAF4107,MONE,TARY THEORY AND POLICY MURIUKI GEOFFREY,57,CT 3:2A/3:3A
WED 10TH DEC 2025,8:00-10:00AM,BBY1219,Human Biology,,83,FLT 21/22
WED 10TH DEC 2025,8:00-10:00AM,BCH4103,INDUSTRIAL,CHEMISTRY WARUGURU ROSE,21,FLT 28
WED 10TH DEC 2025,8:00-10:00AM,BCM4118,MEDICINE,V KAMAU DAVID DR,86,FLT 19/18
WED 10TH DEC 2025,8:00-10:00AM,BCN3205,GEND,ER AND HEALTH MUSYOKA ANNA,34,FLT 30
WED 10TH DEC 2025,8:00-10:00AM,BCP1101,Intro. to Counselling,KARIMIA BEATRICE,108,CT 8:3A/8:2A
WED 10TH DEC 2025,8:00-10:00AM,BDS1101,Dental Materials,I MUNENE MARY,46,CT 2:2A/2:3A
WED 10TH DEC 2025,8:00-10:00AM,BDS4105,Orthodontics,V KIILU PAUL,30,FLT 29
WED 10TH DEC 2025,8:00-10:00AM,BED4202,Food Security and Development,WANJIRU NGUNYI,41,FLT 37
WED 10TH DEC 2025,8:00-10:00AM,BEM4101,Introdu ction to Enviromental Education,NGUNJU ALICE,208,CC 1/2
WED 10TH DEC 2025,8:00-10:00AM,BEP1103,Philoso phy Of Education,KIMOTHO JOSEPH DR,217,CT HALL
WED 10TH DEC 2025,8:00-10:00AM,BET3202,Subject Methods English Literature,MUHORO PETER DR,292,FLT HALL A/B
WED 10TH DEC 2025,8:00-10:00AM,BHR1104,Medica l Terminologies,ONDEGO SELVINE,21,FLT 25
WED 10TH DEC 2025,8:00-10:00AM,BHU2108,Introd to political science JO /,NDOGOTO TABITHA,325,CC 4/5/6
WED 10TH DEC 2025,8:00-10:00AM,BIT3106,Object Oriented Programming,ONDIBA ANN,327,CC 7/8
WED 10TH DEC 2025,8:00-10:00AM,BIT3227,Data Science,MWAI ELENA,58,CT 7:1A
WED 10TH DEC 2025,8:00-10:00AM,BJL3108,PR,AND DIPLOMAC Y NGURE FAITH,50,CT 2:4A/2:5A
WED 10TH DEC 2025,8:00-10:00AM,BLA1113,INTRO,DUCTION TO STUDY OF KISWAHILI KAWIRA ROSE DR,450,INDOOR ARENA
WED 10TH DEC 2025,8:00-10:00AM,BMA3207,Numerical Analysis,GIKONYO JOHN,95,FLT 27
WED 10TH DEC 2025,8:00-10:00AM,BMA4106,Invest ment and Asset Management,CHEGE CHARLES,13,CT 3:1A
WED 10TH DEC 2025,8:00-10:00AM,BMB1111,Biochemistry II (Biomolecules And Enzymes),NYANJOM STEVEN DR,18,FLT 17
WED 10TH DEC 2025,8:00-10:00AM,BML2103,Histology And Histological Techniques,WANGUI MARY DR,39,FLT 36
WED 10TH DEC 2025,8:00-10:00AM,BML2120,Bacteriology and Mycology II KANG'ETHE,STANLEY DR,52,CT 3:4A/3:5A
WED 10TH DEC 2025,8:00-10:00AM,BML2213,Haematology,II MANDANIA ESTHER DR,37,FLT 34
WED 10TH DEC 2025,8:00-10:00AM,BML3121,Diagno stic Phlebotomy,WAITHAKA STANLEY DR,20,FLT 24
WED 10TH DEC 2025,8:00-10:00AM,BMP1108,Human Physiology I (BMLS VIRTUAL),JUMA ALFRED,39,FLT 35
WED 10TH DEC 2025,8:00-10:00AM,BMP2107,Medic al Physiology VII (Respiratory ),MAPESA AMOS DR,105,FLT HALL II
WED 10TH DEC 2025,8:00-10:00AM,BND3104,Nutrition And Dietetics For Medicine,MIRITI SUSSYANN,1,CT 3:1A
WED 10TH DEC 2025,8:00-10:00AM,BPC5103,Pharm aceutical Chemistry XV (Gas Chromatogr aphy and TLC),KIRIA JEDIEL DR,113,CC 3
WED 10TH DEC 2025,8:00-10:00AM,BPH1109,"Health Economics, Finance And Entrepreneurship",RUTO PATRICK,52,CT 4:4A/4:5A
WED 10TH DEC 2025,8:00-10:00AM,BPH4107,Enviro nmental & Occupational Health,MUCHIRI JOSEPH DR,168,FLT 33/32
WED 10TH DEC 2025,8:00-10:00AM,BPY2111,Mechanics,II,102,CT 7:3A/7:2A
WED 10TH DEC 2025,11:00AM-1:00PM,BAF4123,Financi al Mgt in Hospitality & Tourism,OCHIENG TOBIAS,67,CC 3
WED 10TH DEC 2025,11:00AM-1:00PM,BBM3216,Suppli es Quality Management,WAMBUI KAMAU IVY,32,FLT 34
WED 10TH DEC 2025,11:00AM-1:00PM,BBY1115,Ecolog y and Climatolog y,SITATI CONCEPTA,61,CC 1
WED 10TH DEC 2025,11:00AM-1:00PM,BCH1103,PRINC,IPLES OF INORGANIC CHEMISTRY CHEBII FAITH DR,309,INDOOR ARENA
WED 10TH DEC 2025,11:00AM-1:00PM,BCH2108,Organic Chemistry,II KARURI PETER,44,CT 8:3A
WED 10TH DEC 2025,11:00AM-1:00PM,BCM3120,Surgery,I MUNYIRI SAMUEL,70,CC 4
WED 10TH DEC 2025,11:00AM-1:00PM,BCM3223,MEDICINE III (BSCOH REG/WKND),MUSYOKI CHRISTOPHER,43,CT 2:2A
WED 10TH DEC 2025,11:00AM-1:00PM,BCP4202,Disaster And Trauma Management,KARIMIA BEATRICE,33,FLT 36
WED 10TH DEC 2025,11:00AM-1:00PM,BDS2106,PROSTHETICS,III NYAATA FANE DR,54,FLT 33
WED 10TH DEC 2025,11:00AM-1:00PM,BEC1104,Pre-Sc hool Curriculum,KAMAU BONIFACE DR,13,FLT 22
WED 10TH DEC 2025,11:00AM-1:00PM,BED1222,MANAGERIAL,ECONOMICS I MWANGI MAURICE,28,FLT 29
WED 10TH DEC 2025,11:00AM-1:00PM,BED2207,Political Systems for Developing Countries,MWAKIO LOIZER,29,FLT 30
WED 10TH DEC 2025,11:00AM-1:00PM,BED3137,World Societies,NGOTHO JOHN,1,FLT 21
WED 10TH DEC 2025,11:00AM-1:00PM,BEG1204,ENGINEERING,DRAWING I ALOYO PAUL DR,13,FLT 21
WED 10TH DEC 2025,11:00AM-1:00PM,BEG1211,HISTORY,OF PETROLEUM INDUSTRY SAYYID NYANGWA,37,CT 8:1A
WED 10TH DEC 2025,11:00AM-1:00PM,BHU2106,QURA N/SUNNAH,,28,FLT 28
WED 10TH DEC 2025,11:00AM-1:00PM,BHU3204,PHILOSOPHY,OF RELIGION NZENGU THEOPHELUS DR,52,FLT 32
WED 10TH DEC 2025,11:00AM-1:00PM,BJL1111,Intro. to Print & Broadcast Media,WAMATHU JANE,47,FLT 27
WED 10TH DEC 2025,11:00AM-1:00PM,BJL3217,Film Research Methodology,OLOO DANIEL DR,57,FLT HALL II
WED 10TH DEC 2025,11:00AM-1:00PM,BJS3105,INTRO,DUCTION TO TERRORISM NJOKI KIMANI,97,CC 5
WED 10TH DEC 2025,11:00AM-1:00PM,BMA1106,Found ation Mathematic s ODUOR GRACE /,CM,279,FLT HALL A/B
WED 10TH DEC 2025,11:00AM-1:00PM,BMB1209,Medic al Biochemistry II for Clinical Medicine,MUREGI FRANCIS PROF,35,FLT 37
WED 10TH DEC 2025,11:00AM-1:00PM,BML1302,Clinical Chemistry,WAITHAKA STANLEY DR,109,CC 7
WED 10TH DEC 2025,11:00AM-1:00PM,BML3105,Hematology 1 (BMLS REG),MANDANIA ESTHER DR,33,FLT 35
WED 10TH DEC 2025,11:00AM-1:00PM,BMP1111,Human Physiology I (BCM),OCHANA SAMWEL,63,CC 2
WED 10TH DEC 2025,11:00AM-1:00PM,BPH3111,DISEA,SE SURVEILLAN CE MUCHIRI JOSEPH DR,20,FLT 24
WED 10TH DEC 2025,11:00AM-1:00PM,BPH3115,Comm unicable & Vector Borne Diseases,NKOROI BEATRICE,56,FLT 39
WED 10TH DEC 2025,11:00AM-1:00PM,BPH4113,Health Service Quality Management,MARITIM VIOLET DR,21,FLT 25
WED 10TH DEC 2025,11:00AM-1:00PM,BPL4104,Pharm acology VI (Respiratory and Renal Pharmacol ogy),MENGE DENNIS DR,151,CC 8
WED 10TH DEC 2025,11:00AM-1:00PM,BPT3102,Pharmaceutics Ii (Drug Standards And Gmp),,101,CC 6
WED 10TH DEC 2025,2:00-4:00PM,BAF2203,Principl es of Banking and Finance,MUMARAKI JOAN,201,CC 1/2
WED 10TH DEC 2025,2:00-4:00PM,BBM4202,Strategic,HRM KEMBU APPOLONIUS DR,34,CT 2:4A
WED 10TH DEC 2025,2:00-4:00PM,BBS1101,Behavioral Sciences And Mental Health (BMLS VIRTUAL),GICHARU EMMANUEL DR,52,CC 3
WED 10TH DEC 2025,2:00-4:00PM,BCM4117,Surgery,V MUNYIRI SAMUEL,90,CC 6
WED 10TH DEC 2025,2:00-4:00PM,BED3213,Econo mics of Microfinance,MURIUKI GEOFFREY,14,FLT 34
WED 10TH DEC 2025,2:00-4:00PM,BEM2209,Economics Of Education,MWANIKI SOLOMON DR,131,CC 7
WED 10TH DEC 2025,2:00-4:00PM,BHA1201,Human Anatomy II (BSCN),WAWERU BRIAN DR,99,CC 8
WED 10TH DEC 2025,2:00-4:00PM,BHA2104,Human Anatomy III (BSCOH),KABAYA KIBE DR,35,CT 2:2A
WED 10TH DEC 2025,2:00-4:00PM,BHU1104,INTROD.,TO AFRICAN CULTURE AND RELIGION NZEKETHA JOSEPH DR,336,INDOOR ARENA
WED 10TH DEC 2025,2:00-4:00PM,BHU1112,Found ations Of International Relations,WANJIKU KINYUA,209,FLT HALL A/B
WED 10TH DEC 2025,2:00-4:00PM,BIT3136,Network Administration and Configuration,WANJIRU CATHERINE,107,INDOOR ARENA
WED 10TH DEC 2025,2:00-4:00PM,BJS1211,Theorie s and methods of political inquiry,MUHINDI SOLOMON DR,36,FLT 27
WED 10TH DEC 2025,2:00-4:00PM,BMA1202,Basic Discrete Mathematics,MACHARIA CAROLYNE,222,CT HALL
WED 10TH DEC 2025,2:00-4:00PM,BMA3103,Tests Of Hypotheses,KABUE TIMOTHY DR,26,FLT 37
WED 10TH DEC 2025,2:00-4:00PM,BMA3105,Actuarial Mathematics,II GIKONYO JOHN,18,FLT 35
WED 10TH DEC 2025,2:00-4:00PM,BMA4217,Multivariate Methods,MBURU MICHAEL,13,FLT 31
WED 10TH DEC 2025,2:00-4:00PM,BML1208,Bacteriology and Mycology I KANG'ETHE,STANLEY DR,38,FLT 33
WED 10TH DEC 2025,2:00-4:00PM,BML2118,Immunology and Immunopathology,KARIUKI STEPHEN,52,FLT HALL II
WED 10TH DEC 2025,2:00-4:00PM,BML3107,Medical Parasitology,II WANGUI MARY DR,37,FLT 32
WED 10TH DEC 2025,2:00-4:00PM,BML3118,Diagno stic Clinical Chemistry,WAITHAKA STANLEY DR,20,FLT 36
WED 10TH DEC 2025,2:00-4:00PM,BMS2211,Fundamentals Of Nursing Practice,IV WAMBUI ANNEBEATRICE,45,FLT 39
WED 10TH DEC 2025,2:00-4:00PM,BPL2104,Clinical Pharmacology II (BSCN),NYAGA ATANASIO,60,CC 4
WED 10TH DEC 2025,2:00-4:00PM,BSE3108,Habilit ation & Rehabilitation for Leraners with Ph & Neurological,KAKUI WELLINGTON,64,CC 5
WED 10TH DEC 2025,2:00-4:00PM,NBCU001,Research Methodology,MUTIE CYRUS,34,CT 3:2A
THUR 11TH DEC 2025,8:00-10:00AM,ABCU001,RESE,ARCH METHODOLOGY JUMA OSCAR,62,CT 3:2A/3:3A
THUR 11TH DEC 2025,8:00-10:00AM,BAF2102,Cost Accounting,MASIBILI ROSE,183,CC 1/2
THUR 11TH DEC 2025,8:00-10:00AM,BAF4113,Credit Theory and Loss Distribution,OCHIENG TOBIAS,42,CT 2:4A/2:5A
THUR 11TH DEC 2025,8:00-10:00AM,BBCU001,Research Methods,NDAMBIRI SERAH,128,FLT HALL B
THUR 11TH DEC 2025,8:00-10:00AM,BBM4227,Privatization Of Government Services,THORONJO ERASTUS DR,37,FLT 35
THUR 11TH DEC 2025,8:00-10:00AM,BBY2113,Intro. to ecology & bioanalysis,GACHERI PURITY DR,167,CC 4/5
THUR 11TH DEC 2025,8:00-10:00AM,BCH1108,Organic Chemistry,I KARURI PETER,149,FLT 33/32
THUR 11TH DEC 2025,8:00-10:00AM,BCM1203,First Aid And Emergency Response,KEROCHI ATEI DR,333,CC 8/7
THUR 11TH DEC 2025,8:00-10:00AM,BCM3116,Medicine,II KAMAU DAVID DR,66,CT 7:1A
THUR 11TH DEC 2025,8:00-10:00AM,BCP1105,/ BBS1301-BEHAVIORAL,SCIENCES WAMALWA REDEMPTA,242,CT HALL
THUR 11TH DEC 2025,8:00-10:00AM,BCP2206,Applied Statistics In Psychology,MAROKO MOKUA DR,116,FLT 27/28
THUR 11TH DEC 2025,8:00-10:00AM,BHU1216,Human geography,WAITHAKA ANN DR,29,FLT 31
THUR 11TH DEC 2025,8:00-10:00AM,BHU4114,Metho ds of Historical Research,OYUGI ODERA DR,157,FLT HALL II/39
THUR 11TH DEC 2025,8:00-10:00AM,BIT3201,Object Oriented Analysis and design,KEREU DUNCAN,351,INDOOR ARENA
THUR 11TH DEC 2025,8:00-10:00AM,BJL1211,NEWS,WRITING AND REPORTING OLOO DANIEL DR,89,CT 7:3A/7:2A
THUR 11TH DEC 2025,8:00-10:00AM,BJS4148,Diplom acy Negotiations,MUHINDI SOLOMON DR,89,FLT 37/36
THUR 11TH DEC 2025,8:00-10:00AM,BMA4109,Topolo gy,NJOROGE JAMES,134,FLT HALL A
THUR 11TH DEC 2025,8:00-10:00AM,BML2113,Pathology Iii (Clinical Chemistry I),WAITHAKA STANLEY DR,53,CT 4:4A/4:5A
THUR 11TH DEC 2025,8:00-10:00AM,BML2211,Medical Applied Epidemiology And Biostatics,RUTO PATRICK,37,FLT 34
THUR 11TH DEC 2025,8:00-10:00AM,BML3116,Diagno stic Haematology,MANDANIA ESTHER DR,20,FLT 30
THUR 11TH DEC 2025,8:00-10:00AM,BML3206,Histopathology,WAMITI LAWRENCE,38,CT 2:2A
THUR 11TH DEC 2025,8:00-10:00AM,BMM2102,Immunology (BPHARM WKND),NGALA JONATHAN DR,116,CC 6
THUR 11TH DEC 2025,8:00-10:00AM,BMP1203,Human Physiolog y,IV GITAU WILLIAM DR,100,CT 8:3A/8:2A
THUR 11TH DEC 2025,8:00-10:00AM,BMS3101,"TRAUMA & EMERGENCY,FORENSIC &",PREOPERATIVE NURSING I MWANGI VIRGINIA,59,CT 3:4A/3:5A
THUR 11TH DEC 2025,8:00-10:00AM,BPC5104,Pharmac eutical Chemistry XVI (Liquid chromatography and high performance chromatography),KIRIA JEDIEL DR,112,CC 3
THUR 11TH DEC 2025,8:00-10:00AM,SBCU001,Resea rch Methods,MUTUNDU KENNEDY PROF,116,INDOOR ARENA
THUR 11TH DEC 2025,11:00AM-1:00PM,BAF3115,Management Accounting,II MOSOTI JARED,69,CC 5
THUR 11TH DEC 2025,11:00AM-1:00PM,BAF3202,Public Finance,MUMARAKI JOAN,58,CC 1
THUR 11TH DEC 2025,11:00AM-1:00PM,BBY3107,Biosafe ty and Bioethics,MUREGI FRANCIS PROF,13,FLT 29
THUR 11TH DEC 2025,11:00AM-1:00PM,BCH4101,Electro chemistry,MAIYO WILSON,20,FLT 35
THUR 11TH DEC 2025,11:00AM-1:00PM,BCH4106,CHEMI STRY OF CARBOHYDRAT ES &,PROTEINS GITAU DENNIS DR,19,FLT 31
THUR 11TH DEC 2025,11:00AM-1:00PM,BCM4208,Opthalmology,MWAURA PETER,65,CC 4
THUR 11TH DEC 2025,11:00AM-1:00PM,BCN4201,Palliati ve Care and Oncology,NKOROI BEATRICE,49,FLT 33
THUR 11TH DEC 2025,11:00AM-1:00PM,BCP2209,Correction Of Deviance And Offending Behavior,KARIMI JANE DR,157,FLT HALL A/B
THUR 11TH DEC 2025,11:00AM-1:00PM,BDS2208,Minor Oral Surgery,I MACHARIA JULIUS DR,37,CT  8:1A
THUR 11TH DEC 2025,11:00AM-1:00PM,BEC1207,Primary mathematics I- Basic mathematical concepts,MUREITHI PURITY,13,FLT 28
THUR 11TH DEC 2025,11:00AM-1:00PM,BED3233,MONIT,ORING AND EVALUATION OF DEVELOPME NT PROJECTS TABUKA ELIZABETH,40,CT 8:3A
THUR 11TH DEC 2025,11:00AM-1:00PM,BED4215,Econo mic Modelling and Computer Simulation,MWANGI MAURICE,37,CT 7:1A
THUR 11TH DEC 2025,11:00AM-1:00PM,BEG4118,"VALU ATION IN AGRICULTURE, MINING &",NATURAL RESOURCES MWENDA MAKATHIMO DR,44,FLT 27
THUR 11TH DEC 2025,11:00AM-1:00PM,BHU2204,ISLAM,IN KENYA ADAN AMIN,46,FLT 32
THUR 11TH DEC 2025,11:00AM-1:00PM,BIT2202,/ 2206-Business Infor. System Analysis & Design,NDINDA WILKISTER,276,INDOOR ARENA
THUR 11TH DEC 2025,11:00AM-1:00PM,BJL1106,INTRO,DUCTION TO FILM STUDIES MURIMI MORES,61,CC 2
THUR 11TH DEC 2025,11:00AM-1:00PM,BMA2217,Epide miology Methods,CHEGE CHARLES,19,FLT 30
THUR 11TH DEC 2025,11:00AM-1:00PM,BMB2209,Bioche mistry IX (Molecular Biology),NYANJOM STEVEN DR,93,CC 6
THUR 11TH DEC 2025,11:00AM-1:00PM,BML1105,Experimental Animal Science,KARIUKI STEPHEN,52,FLT 39
THUR 11TH DEC 2025,11:00AM-1:00PM,BMS2106,PAEDIATRIC,NURSING I MUSYOKA ANNA,62,CC 3
THUR 11TH DEC 2025,11:00AM-1:00PM,BND2213,Nutrition assessment,MUTUTHO LEAH,20,FLT 34
THUR 11TH DEC 2025,11:00AM-1:00PM,BND4106,FOOD & WATER MICROBIOLOGY KANG'ETHE,STANLEY DR,30,FLT 37
THUR 11TH DEC 2025,11:00AM-1:00PM,BPH4202,Supply Chain Management in Health Care,OGOLLA JARED,21,FLT 36
THUR 11TH DEC 2025,11:00AM-1:00PM,BPL4103,Clinical Pharmacy II (Respiratory &Infectious Diseases),NDUTA CYNTHIA DR,149,CC 8
THUR 11TH DEC 2025,11:00AM-1:00PM,BPY2110,Modern Physics,NDERITU MOSES,98,CC 7
THUR 11TH DEC 2025,2:00-4:00PM,BAF2202,Management Accounting,I MURIUKI GEOFFREY,183,CTA 3/4
THUR 11TH DEC 2025,2:00-4:00PM,BBM1204,Theori es of Public Administration,MACHIRA JOSEPH,28,FLT 34
THUR 11TH DEC 2025,2:00-4:00PM,BBM4109,SALE,S MANAGEMEN T NYOKABI SUSAN,14,FLT 28
THUR 11TH DEC 2025,2:00-4:00PM,BCM3215,General Surgery,MUSYOKI CHRISTOPHER,17,FLT 29
THUR 11TH DEC 2025,2:00-4:00PM,BED4241,Social Case Work,WANJIRU NGUNYI,20,FLT 31
THUR 11TH DEC 2025,2:00-4:00PM,BEM1108,Fundamentals of competence based education (BEDA) P / KJ /,MM,1184,CC 8/7/6/5/4/3/2/1/27
THUR 11TH DEC 2025,2:00-4:00PM,BEM1108,Fundamentals of competence based education (BEDA/BSNE) P / KJ /,MM,495,INDOOR ARENA
THUR 11TH DEC 2025,2:00-4:00PM,BHT1102,FOOD,AND BEVERAGE SERVICE THEORY I SEREM KELVIN DR,72,CT 8:1A
THUR 11TH DEC 2025,2:00-4:00PM,BIT2104,OPERA,TING SYSTEMS WANJIRU CATHERINE,185,CTA HALL/CTA 6
THUR 11TH DEC 2025,2:00-4:00PM,BIT2212,Fibre Optic Communication,KEREU DUNCAN,44,CT 2:2A/2:3A
THUR 11TH DEC 2025,2:00-4:00PM,BJL2103,DEVEL,OPMENT JOURNALISM OLOO DANIEL DR,123,CT 8:3A/8:2A
THUR 11TH DEC 2025,2:00-4:00PM,BLA2211,Descrip tion of modern english,WANGARI STELLA,393,FLT HALL A/B/HALL II
THUR 11TH DEC 2025,2:00-4:00PM,BLA3115,Basics in Literary Theory,MUHORO PETER DR,53,CT 3:4A/3:5A
THUR 11TH DEC 2025,2:00-4:00PM,BMA3116,Biostatistics,SITATI CONCEPTA,148,FLT 33/32
THUR 11TH DEC 2025,2:00-4:00PM,BMB1114,Medical Biochemistry I (BMLS VIRTUAL),RAEY WINNIE,40,CT 1:2A
THUR 11TH DEC 2025,2:00-4:00PM,BML2104,Molecular Biology,I OMWANGO EVANS,39,FLT 36
THUR 11TH DEC 2025,2:00-4:00PM,BML2108,Hematology (BCM REG/WKND),GONTIER CHRISTOPHER DR,115,CT 7:3A/7:2A
THUR 11TH DEC 2025,2:00-4:00PM,BML2122,Parasitology,I WANGUI MARY DR,52,CT 4:4A/4:5A
THUR 11TH DEC 2025,2:00-4:00PM,BML3120,Diagnostic Histopathology And Cytopatholo gy,WAMITI LAWRENCE,20,FLT 30
THUR 11TH DEC 2025,2:00-4:00PM,BMS2202,PAEDIATRIC,NURSING II NKOROI BEATRICE,46,CT 2:4A/2:5A
THUR 11TH DEC 2025,2:00-4:00PM,BPH2102,Epidemiology I For Environment al Health,MMBONE VIVIANNE,130,FLT 39/37
THUR 11TH DEC 2025,2:00-4:00PM,BPH2201,Communicable Diseases (BSDT),MUTHOKI LYNNET,55,CT 3:2A/3:3A
THUR 11TH DEC 2025,2:00-4:00PM,BPL3103,Pharmacology II (Autonomic Pharmacology),OPWOKO DENNIS DR,194,CT HALL
THUR 11TH DEC 2025,2:00-4:00PM,BPY2201,Structure and Properties of Matter,MWANGI SIMON,37,FLT 35
SAT 13TH DEC 2025,8:00-10:00AM,BMM2102,Immunology (BCM WKND),,50,FLT 27
SAT 13TH DEC 2025,8:00-10:00AM,BMP2106,Medical Physiology VI (Sensory System),,186,FLT HALL A/B
SAT 13TH DEC 2025,8:00-10:00AM,BPL5105,Pharmacology Xiv (Dermatological And Ocular Pharma...,,109,CC 1
SAT 13TH DEC 2025,11:00AM-1:00PM,BPL4106,Pharmacology Viii (Git Pharmacology),,105,FLT HALL A
SAT 13TH DEC 2025,2:00-4:00PM,BPT3101,Pharm aceutics I (Introduction to Pharmaceutics),PROF BINDU,189,FLT HALL A/B
SAT 13TH DEC 2025,2:00-4:00PM,BND3205,Nutrition In Disease Management,II,36,FLT 22
SUN 14TH DEC 2025,8:00-10:00AM,BDS4206,Prosthetic,VIII,84,BL5 HALL
SUN 14TH DEC 2025,2:00-4:00PM,BPT3103,Social And Behavioral Pharmacy I,,191,FLT HALL A/B
MON 15TH DEC 2025,8:00-10:00AM,BBY2114,Vertebr ate zoology,SITATI CONCEPTA,58,CT 3:2A/3:3A
MON 15TH DEC 2025,8:00-10:00AM,BCH2103,Inorganic chemistry,III CHEBII FAITH DR,184,FLT 32/33
MON 15TH DEC 2025,8:00-10:00AM,BCH4102,Compa rative study of transition elements NDUNG'U,ESTHER,31,FLT 17
MON 15TH DEC 2025,8:00-10:00AM,BCM3209,Complementary Medicine,ONYANCHA JARED DR,90,MLT HALL B
MON 15TH DEC 2025,8:00-10:00AM,BDS3102,Crown & Bridge,III NYAATA FANE DR,41,FLT 29
MON 15TH DEC 2025,8:00-10:00AM,BDS3110,Oral Radiology,KARIUKI GEORGE DR,37,FLT 34
MON 15TH DEC 2025,8:00-10:00AM,BED1102,Found ation of Cultural Dev't,MWAKIO LOIZER,20,LT 29
MON 15TH DEC 2025,8:00-10:00AM,BED1203,Legal Aspects in Development,OCHOLLA GORDON DR,118,FLT 27/28
MON 15TH DEC 2025,8:00-10:00AM,BED3209,Interna tional Economics,NYARIKI KENNEDY DR,136,MAIN HALL LADIES
MON 15TH DEC 2025,8:00-10:00AM,BEG4138,REAL,ESTATE RISK ANALYSIS AND MANAGEMENT MWENDA MAKATHIMO DR,46,CT 3:4A/3:5A
MON 15TH DEC 2025,8:00-10:00AM,BEP1101,History of Education (BEDA),,940,CC 8/7/6/5/4/3/2
MON 15TH DEC 2025,8:00-10:00AM,BEP1101,History of Education (BEDS/BSNE),,473,INDOOR ARENA
MON 15TH DEC 2025,8:00-10:00AM,BEP1101,History of Education (BSNE),,118,CTA HALL
MON 15TH DEC 2025,8:00-10:00AM,BET3214,Subject Methods Physics,NDERITU MOSES,93,CT 7:3A/7:2A
MON 15TH DEC 2025,8:00-10:00AM,BHA2201,Human Anatomy,IV WAWERU BRIAN DR,100,CTA 6
MON 15TH DEC 2025,8:00-10:00AM,BHR2101,HEALTH,INFORMATION MANAGEMENT I WANJA JACKLINE,17,CT 2:3A
MON 15TH DEC 2025,8:00-10:00AM,BHT1108,FLORA &,FAUNA OF EAST AFRICA NYAMBURA PHOEBE,77,FLT 36/35
MON 15TH DEC 2025,8:00-10:00AM,BHU1219,Theories Of International Relations,WANJIKU KINYUA,190,EH (MEN'S)
MON 15TH DEC 2025,8:00-10:00AM,BHU2207,Moder n govts in africa,OYUGI ODERA DR,224,CT HALL
MON 15TH DEC 2025,8:00-10:00AM,BIT4139,Ethical Hacking and Counter Measures,MUCHIRI NYAGA,61,FLT 22/21
MON 15TH DEC 2025,8:00-10:00AM,BJL1105,History of Mass Communication,NGURE FAITH,137,EH (MEN'S)
MON 15TH DEC 2025,8:00-10:00AM,BJS2112,GEND,ER PEACE AND SECURITY WASWA AMBROSE,92,MLT HALL A
MON 15TH DEC 2025,8:00-10:00AM,BLA1216,English grammar,WANGARI STELLA,115,FLT 39/37
MON 15TH DEC 2025,8:00-10:00AM,BLA3212,Discour se Analysis,AREGE JACKLINE DR,265,FLT HALL A/B
MON 15TH DEC 2025,8:00-10:00AM,BMA3102,Business Statistics,II CHEGE CHARLES,101,FLT HALL II
MON 15TH DEC 2025,8:00-10:00AM,BMA4219,CATE,GORICAL DATA ANALYSIS CHEROTICH ABIGAEL,25,LT 28
MON 15TH DEC 2025,8:00-10:00AM,BMB1106,Medical Biochemistry I For Clinical Medicine,MUREGI FRANCIS PROF,65,FLT 25/24
MON 15TH DEC 2025,8:00-10:00AM,BML3104,BLOOD TRANSFUSION SCIENCE I (REG),MANDANIA ESTHER DR,31,LT 27
MON 15TH DEC 2025,8:00-10:00AM,BMM1201,Microbiology I (General Microbiology),GITAU PETER,46,CT 4:4A/4:5A
MON 15TH DEC 2025,8:00-10:00AM,BMP1106,Medical Physiology I (Introduction To Medical Physiology) (BMLS),THUO YVONNE,45,CT 2:4A/2:5A
MON 15TH DEC 2025,8:00-10:00AM,BMP1111,Human Physiology I (BSCN),GITAU WILLIAM DR,94,CT 8:3A/8:2A
MON 15TH DEC 2025,8:00-10:00AM,BMW2101,MIDWIFERY,I KARONJO JANE DR,61,FLT 19/18
MON 15TH DEC 2025,8:00-10:00AM,BPH2220,Health Project Management,MUTHOKI LYNNET,37,CT 2:2A
MON 15TH DEC 2025,8:00-10:00AM,BPL5102,Clinical Pharmacy VI(Neurological Disorder and Head injuries),NDEMO KWANSAH DR,112,CC 1
MON 15TH DEC 2025,8:00-10:00AM,BPY1205,Waves and Optics,I ADERO OCHIENG DR,12,CT 3:1A
MON 15TH DEC 2025,11:00AM-1:00PM,BAF1201,Financial Accounting,II MATHENGE DAMARIS,123,EH (MEN'S)
MON 15TH DEC 2025,11:00AM-1:00PM,BAF4114,FINAN CIAL TIME SERIES &,RISK MNGT OCHIENG TOBIAS,38,FLT 32
MON 15TH DEC 2025,11:00AM-1:00PM,BBY3106,Dna Technology,MBOGO KELVIN DR,13,FLT 24
MON 15TH DEC 2025,11:00AM-1:00PM,BCM2205,CLINICAL,METHODS I WAMBUI MARIEJOLLY,58,FLT HALL II
MON 15TH DEC 2025,11:00AM-1:00PM,BCP2204,Human Abuse And Treatment,KARIMI JANE DR,116,EH (MEN'S)
MON 15TH DEC 2025,11:00AM-1:00PM,BDS2104,DENTAL,MATERIALS III MWANGI JAMES,45,CTA HALL
MON 15TH DEC 2025,11:00AM-1:00PM,BDS4210,Community Dentistry,KARIUKI GEORGE DR,59,CC 4
MON 15TH DEC 2025,11:00AM-1:00PM,BEC1203,Materi al development in Early Childhood,KAMAU BONIFACE DR,13,FLT 22
MON 15TH DEC 2025,11:00AM-1:00PM,BED2109,Sociological Theories,NGOTHO JOHN,3,FLT 21
MON 15TH DEC 2025,11:00AM-1:00PM,BED4214,ENER GY &,ENVIRON MENTAL ECONOMICS KABERA ZACHARY,9,FLT 21
MON 15TH DEC 2025,11:00AM-1:00PM,BEG4144,Petroleum Facilities Design And Construction,SAYYID NYANGWA,51,FLT 33
MON 15TH DEC 2025,11:00AM-1:00PM,BHR1101,Health Records Management,I WANJA JACKLINE,23,FLT 25
MON 15TH DEC 2025,11:00AM-1:00PM,BHT2202,HOSPI,TALITY INFORMATION SYSTEM KITOTO JACOB DR,64,CC 2
MON 15TH DEC 2025,11:00AM-1:00PM,BHU3228,Non State Actors in International Relations,WASWA AMBROSE,80,FLT HALL B
MON 15TH DEC 2025,11:00AM-1:00PM,BIT1209,Computer Programming,I NYORO MICHAEL,29,FLT 34
MON 15TH DEC 2025,11:00AM-1:00PM,BJL4208,Writing and Production,MWANGANGI MICHAEL,64,CC 3
MON 15TH DEC 2025,11:00AM-1:00PM,BJS4134,Devolved Government And Development,NINA TUMAINI,29,FLT 31
MON 15TH DEC 2025,11:00AM-1:00PM,BLA2213,Literature In Southern Africa,NJOKI MARGARET DR,466,INDOOR ARENA
MON 15TH DEC 2025,11:00AM-1:00PM,BMA2216,STATISTICAL,PROGRAMMING I KALOKI MIRIAM,28,FLT 29
MON 15TH DEC 2025,11:00AM-1:00PM,BML2106,Biomedical Analytical Techniques,WANGUI MARY DR,32,FLT 35
MON 15TH DEC 2025,11:00AM-1:00PM,BML2204,BIO-A,NALYTICAL METHODS OMWANGO EVANS,24,FLT 28
MON 15TH DEC 2025,11:00AM-1:00PM,BMP2118,Human Physiology III (Oral Health),THUO YVONNE,29,FLT 30
MON 15TH DEC 2025,11:00AM-1:00PM,BMS3204,OPTH ALMOLOGY &,ENT IN NURSING MUSYOKA ANNA,34,FLT 36
MON 15TH DEC 2025,11:00AM-1:00PM,BMW2202,MIDWIFERY,IV MATE ESTHER,45,CTA HALL
MON 15TH DEC 2025,11:00AM-1:00PM,BMW3105,GYNA,ECOLOGY KINOTI JUSTINE,58,FLT 39
MON 15TH DEC 2025,11:00AM-1:00PM,BPC4103,Analyti cal Methods II (Instrumental Methods of Analysis),MURAGE JOHNSON DR,152,FLT HALL A
MON 15TH DEC 2025,11:00AM-1:00PM,BPH2204,Liquid Waste Management,RUTO PATRICK,111,CC 1
MON 15TH DEC 2025,11:00AM-1:00PM,BPL1301,Clinical Pharmacology,I SAVWA BRIAN DR,36,FLT 27
MON 15TH DEC 2025,11:00AM-1:00PM,BPY1101,Basic Electricity & Optic (BSCCS/BBIT),MWANGI SIMON,372,CC 7/8
MON 15TH DEC 2025,11:00AM-1:00PM,BPY1101,Basic Electricity & Optic (BSC IT),MWANGI SIMON,233,CC 5/6
MON 15TH DEC 2025,11:00AM-1:00PM,BSE1102,,INCLUSIVE EDUCATION KAKUI WELLINGTON,35,FLT 37
MON 15TH DEC 2025,2:00-4:00PM,BBM4114,Materials Management,MWANGI WILLIAM,78,CC 4
MON 15TH DEC 2025,2:00-4:00PM,BCH1107,Inorganic Chemistry,I MAIYO WILSON,136,CTA HALL
MON 15TH DEC 2025,2:00-4:00PM,BCM4203,Imaging Sciences,AMAKABANE DAN DR,22,FLT 24
MON 15TH DEC 2025,2:00-4:00PM,BCP1102,Introduction To Psychology,KARIMIA BEATRICE,113,FLT 32/31
MON 15TH DEC 2025,2:00-4:00PM,BED2210,SOCIA,L PSYCHOLOGY WANJIRU NGUNYI,105,CC 1
MON 15TH DEC 2025,2:00-4:00PM,BEP3201,Psychology of Teaching & Learning (BEDA),,529,CC 8/7/6/5
MON 15TH DEC 2025,2:00-4:00PM,BEP3201,Psychology of Teaching & Learning (BEDS),,237,CC 2/3
MON 15TH DEC 2025,2:00-4:00PM,BHA1201,Human Anatomy II (BCM),MUTHONI PERIS DR,66,FLT HALL II
MON 15TH DEC 2025,2:00-4:00PM,BHR3205,Conte mporary Issues In Health Records and Information Management,ONDEGO SELVINE,24,FLT 25
MON 15TH DEC 2025,2:00-4:00PM,BHU1109,,TECHNIQUES IN GEOGRAPHY I WAITHAKA ANN DR,254,EH (MEN'S)
MON 15TH DEC 2025,2:00-4:00PM,BHU1210,Introduction to church history,II NZEKETHA JOSEPH DR,266,CT HALL
MON 15TH DEC 2025,2:00-4:00PM,BHU3210,Modern Trends in Islam,ADAN AMIN,7,FLT 21
MON 15TH DEC 2025,2:00-4:00PM,BIT2215,Elements of Automate Theory,NYORO MICHAEL,296,FLT HALL A/B
MON 15TH DEC 2025,2:00-4:00PM,BMA3201,Operations Research,KEITANY GEORGE,435,INDOOR ARENA
MON 15TH DEC 2025,2:00-4:00PM,BPH3205,Non Communicable Diseases,KIMANI EUNICE DR,38,FLT 33
MON 15TH DEC 2025,2:00-4:00PM,BSE4114,Individ ualised Education Programme (LD) KIMANI CECILIA DR.,,8,FLT 22
TUE 16TH DEC 2025,8:00-10:00AM,BBM2103,Organi zational Behaviour,MAINA ANTONY,146,MAIN HALL
TUE 16TH DEC 2025,8:00-10:00AM,BBM4102,Emplo yee Performance & Compensation,KEMBU APPOLONIUS DR,1,FLT 19
TUE 16TH DEC 2025,8:00-10:00AM,BCH2104,Organic chemistry,III KARURI PETER,178,FLT HALL A
TUE 16TH DEC 2025,8:00-10:00AM,BCH2210,Cordination Chem & Organo-metalic Chem NDUNG'U,ESTHER,20,FLT 21
TUE 16TH DEC 2025,8:00-10:00AM,BCM3115,Reproductive Health,II MAKAU PENINAH DR,70,FLT 39
TUE 16TH DEC 2025,8:00-10:00AM,BCP4210,Positiv e Psychology K'OKUL FLORENCE DR.,,31,FLT 24
TUE 16TH DEC 2025,8:00-10:00AM,BDS3105,PROSTHETICS,V MWANGI JAMES,44,CT 7:3A
TUE 16TH DEC 2025,8:00-10:00AM,BED1111,GENE,RAL ECONOMIC S NYARIKI KENNEDY DR,3,FLT 19
TUE 16TH DEC 2025,8:00-10:00AM,BED2126,Basic Social Statistics,NGOTHO JOHN,57,EH (MEN'S)
TUE 16TH DEC 2025,8:00-10:00AM,BED2214,ECONOMETRICS,I MWANGI MAURICE,101,CC 1
TUE 16TH DEC 2025,8:00-10:00AM,BED2228,SOCIO,LOGY OF WORK MWAKIO LOIZER,2,FLT 19
TUE 16TH DEC 2025,8:00-10:00AM,BEG1106,PHYSICS,FOR ENGINEERS I KINEENE MIRIAM,60,FLT 32
TUE 16TH DEC 2025,8:00-10:00AM,BET3211,Subject Methods Geography,KENEI REUBEN DR,178,CT HALL
TUE 16TH DEC 2025,8:00-10:00AM,BET4108,Education Technology (BEDA) EM / JM /,JN,746,CC 8/7/6/5/4/3
TUE 16TH DEC 2025,8:00-10:00AM,BET4108,Education Technology (BEDS) EM / JM /,JN,435,INDOOR ARENA
TUE 16TH DEC 2025,8:00-10:00AM,BHT1107,TRAVEL,AGENCY OPERATIONS MBUTHIA SUSAN,75,MLT HALL A
TUE 16TH DEC 2025,8:00-10:00AM,BHT3105,WINE,AND BAR OPERATION SEREM KELVIN DR,48,EH (MEN'S)
TUE 16TH DEC 2025,8:00-10:00AM,BHU4128,US,FOREIGN POLICY IN EMERGING POWERS WAFULA PETER DR,141,BL5 HALL
TUE 16TH DEC 2025,8:00-10:00AM,BIT3101,Softwar e Engineering,,30,FLT 22
TUE 16TH DEC 2025,8:00-10:00AM,BIT4101,Business Data Mining & Warehousing,MUCHIRI NYAGA,153,CTA HALL
TUE 16TH DEC 2025,8:00-10:00AM,BIT4221,Legal and Ethical Issues in Computing,NDINDA WILKISTER,43,CT 8:3A
TUE 16TH DEC 2025,8:00-10:00AM,BLA2104,Origin and dev't of english language,,73,MLT HALL B
TUE 16TH DEC 2025,8:00-10:00AM,BMA2204,RISK,THEORY CHEGE CHARLES,59,FLT 27
TUE 16TH DEC 2025,8:00-10:00AM,BMM3103,Virology,I KARIUKI STEPHEN,32,FLT 25
TUE 16TH DEC 2025,8:00-10:00AM,BPA2102,Human Pathology II (BCM),KAMAU KANYORO DR,61,FLT 33
TUE 16TH DEC 2025,8:00-10:00AM,BPA2207,PATHOPHYSIOLOGY,III KINOTI JUSTINE,47,EH (MEN'S)
TUE 16TH DEC 2025,8:00-10:00AM,BPA3101,General Pathology,IRUNGU ANTHONY DR,72,FLT HALL II
TUE 16TH DEC 2025,8:00-10:00AM,BPH3116,Epidemiology & Demography,MUTHOKI LYNNET,58,EH (MEN'S)
TUE 16TH DEC 2025,8:00-10:00AM,BPL5101,"Clinical Pharmacy V (Endocrinology, renal and Hematopoietic Disorder)",KARURI SALOME DR,113,CC 2
TUE 16TH DEC 2025,11:00AM-1:00PM,BAF3101,Accoun ting for assets,NYAGA GILBERT DR,47,FLT 33
TUE 16TH DEC 2025,11:00AM-1:00PM,BAF4208,Bank Assets & Liabilities Mngt,MATHENGE DAMARIS,13,FLT 31
TUE 16TH DEC 2025,11:00AM-1:00PM,BBY3212,Principl es of Plant Pathology,MUSEVE JUDITH DR,26,FLT 17
TUE 16TH DEC 2025,11:00AM-1:00PM,BCH1109,PHYSICAL,CHEMISTR Y I WARUGURU ROSE,117,INDOOR ARENA
TUE 16TH DEC 2025,11:00AM-1:00PM,BCH2207,Theory of sepctroscopics method NDUNG'U,ESTHER,30,FLT 18
TUE 16TH DEC 2025,11:00AM-1:00PM,BDS1204,PROSTHETICS,II IRUNGU BERNARD,18,FLT 30
TUE 16TH DEC 2025,11:00AM-1:00PM,BDS3208,Oral Pathology/ Oral Medicine,II KARIUKI GEORGE DR,36,FLT 27
TUE 16TH DEC 2025,11:00AM-1:00PM,BED2105,Social Transformation And Marketing,WANJIRU NGUNYI,31,FLT 22
TUE 16TH DEC 2025,11:00AM-1:00PM,BED3212,Compa rative economic systems,KABERA ZACHARY,19,FLT 29
TUE 16TH DEC 2025,11:00AM-1:00PM,BEG1111,Introduction To Real Estate,MWENDA MAKATHIMO DR,31,FLT 21
TUE 16TH DEC 2025,11:00AM-1:00PM,BEP4108,Sociolo gy of Education NG'AE,PRISCILLA,211,CT HALL
TUE 16TH DEC 2025,11:00AM-1:00PM,BET3212,Subject Methods Chemistry,KALENYWA AGNES DR,127,BL5 HALL
TUE 16TH DEC 2025,11:00AM-1:00PM,BHA1107,Human Anatomy I (BSCN),WAWERU BRIAN DR,95,CC 5
TUE 16TH DEC 2025,11:00AM-1:00PM,BHR2102,Medic al Demography in Health Care,OKARI GEOFFREY,21,FLT 28
TUE 16TH DEC 2025,11:00AM-1:00PM,BIT3202,Internet Programming,NYORO MICHAEL,289,INDOOR ARENA
TUE 16TH DEC 2025,11:00AM-1:00PM,BJL1208,Introduction To Animation,MURIMI MORES,31,FLT 19
TUE 16TH DEC 2025,11:00AM-1:00PM,BJL2108,PEACE,JOURNALISM WAMATHU JANE,70,CC 4
TUE 16TH DEC 2025,11:00AM-1:00PM,BJL3116,AFRICAN,CINEMA MUNYAO ISABELLA,35,FLT 25
TUE 16TH DEC 2025,11:00AM-1:00PM,BJS3118,INTRO,DUCTION TO PUBLIC POLICY DEVELOPMENT NINA TUMAINI,64,CC 2
TUE 16TH DEC 2025,11:00AM-1:00PM,BJS4119,GLOBA LIZATION &,SECURITY NJOKI KIMANI,109,CC 8
TUE 16TH DEC 2025,11:00AM-1:00PM,BLA3225,Advanc ed Literary Theory,MUHORO PETER DR,261,FLT HALL A/B
TUE 16TH DEC 2025,11:00AM-1:00PM,BMA4117,MEASURE THEORY &,PROBABILITY GIKONYO JOHN,12,FLT 34
TUE 16TH DEC 2025,11:00AM-1:00PM,BML2108,Hematology (BSCN),WANGUI MARY DR,101,CC 6
TUE 16TH DEC 2025,11:00AM-1:00PM,BMP1112,Human Physiology II (BCM),MUKALA JOSEPH DR,67,CC 3
TUE 16TH DEC 2025,11:00AM-1:00PM,BMS2102,MEDICAL,SURGICAL NURSING II AKINYI VERA,63,CC 1
TUE 16TH DEC 2025,11:00AM-1:00PM,BND2107,Food Microbiology and parasitology,KINYUNGU ALICE,25,FLT 35
TUE 16TH DEC 2025,11:00AM-1:00PM,BPH2103,Epidemiology And Disease Control,MUCHIRI JOSEPH DR,62,FLT HALL II
TUE 16TH DEC 2025,11:00AM-1:00PM,BPH2221,Waste Management,RUTO PATRICK,39,FLT 39
TUE 16TH DEC 2025,11:00AM-1:00PM,BPL2104,Clinical Pharmacology II (BCM WKND),SAVWA BRIAN DR,34,FLT 24
TUE 16TH DEC 2025,11:00AM-1:00PM,BPL4102,Clinical Pharmacy I (Introduction to Clinical Pharmacy) N / K,,151,CC 7
TUE 16TH DEC 2025,11:00AM-1:00PM,BPY4104,Thermal physics,MWANGI SIMON,41,FLT 32
TUE 16TH DEC 2025,2:00-4:00PM,BAF2104,Financial Management,I MATHENGE DAMARIS,115,MAIN HALL
TUE 16TH DEC 2025,2:00-4:00PM,BBM3203,Conflic t management,KEMBU APPOLONIUS DR,288,FLT HALL A/B
TUE 16TH DEC 2025,2:00-4:00PM,BCH1105,PRINCIPLES,OF ORGANIC CHEMISTRY GITAU DENNIS DR,53,FLT 32
TUE 16TH DEC 2025,2:00-4:00PM,BCM3229,Surgery,IV MUNYIRI SAMUEL,22,FLT 17
TUE 16TH DEC 2025,2:00-4:00PM,BCP2201,Counseling The Aged And The Terminally Ill,KARIMIA BEATRICE,91,FLT 33
TUE 16TH DEC 2025,2:00-4:00PM,BDS2207,Oral Biology,I KARIUKI GEORGE DR,24,FLT 18
TUE 16TH DEC 2025,2:00-4:00PM,BED2219,Youth and Social Change,NGOTHO JOHN,113,FLT 39/37
TUE 16TH DEC 2025,2:00-4:00PM,BEG4205,Robotics And Cybernetics,MWANGI PETER DR,33,FLT 24
TUE 16TH DEC 2025,2:00-4:00PM,BEP1104,Introduction To Educational Psychology (BEDA) MS /,KT,1070,CC 8/7/6/5/4/3/2/1
TUE 16TH DEC 2025,2:00-4:00PM,BEP1104,Introduction To Educational Psychology (BEDS) MS /,KT,326,INDOOR ARENA
TUE 16TH DEC 2025,2:00-4:00PM,BEP1104,Introduction To Educational Psychology (BSNE) MS /,KT,194,CTA HALL
TUE 16TH DEC 2025,2:00-4:00PM,BET3203,Subject Methods (Lugha Na Fasihi Ya Kiswahili),MOBISA JACKSON DR,231,EH (MEN'S)
TUE 16TH DEC 2025,2:00-4:00PM,BHA1108,Human Anatomy And Physiology I (BSDT),KABAYA KIBE DR,46,FLT 27
TUE 16TH DEC 2025,2:00-4:00PM,BHT3103,MIS IN HOSPITALITY AND TOURISM WANG'OMBE,LAWRENCE,35,FLT 25
TUE 16TH DEC 2025,2:00-4:00PM,BIT4103,Human Computer Interaction,NDINDA WILKISTER,162,MLT HALL A/B
TUE 16TH DEC 2025,2:00-4:00PM,BIT4206,ICT in Business & Society,SAWE LINDAH,267,CT HALL
TUE 16TH DEC 2025,2:00-4:00PM,BIT4220,Assembly Programming,OWINO ELKANA,25,FLT 21
TUE 16TH DEC 2025,2:00-4:00PM,BMA2208,Linear Algebra,ODUOR GRACE,168,BL5 HALL
TUE 16TH DEC 2025,2:00-4:00PM,BMM2108,Medical Parasitology (BCM),WAIGANJO BIBIAN DR,101,FLT HALL II
TUE 16TH DEC 2025,2:00-4:00PM,BMW3201,SEXUAL,AND REPRODUCTIVE HEALTH I MURITHI DAVID,33,FLT 22
TUE 16TH DEC 2025,2:00-4:00PM,BPY3203,Waves & Optics,II ADERO OCHIENG DR,25,FLT 19
WED 17TH DEC 2025,8:00-10:00AM,BAF3201,Investment Analysis And Portfolio Management,NYAGA GILBERT DR,36,CT 2:2A
WED 17TH DEC 2025,8:00-10:00AM,BBM1101,Introdu ction to Business,NDEGE VIOLET,418,FLT HALL A/B/HALL II
WED 17TH DEC 2025,8:00-10:00AM,BBM4103,Employee Relations,NGULI CATHERINE,55,CTA 4
WED 17TH DEC 2025,8:00-10:00AM,BBY3109,Genera l Entomology,TANUI PRISCA,26,FLT 19
WED 17TH DEC 2025,8:00-10:00AM,BCM4206,Forensic Medicine,KAMAU KANYORO DR,66,MLT HALL B
WED 17TH DEC 2025,8:00-10:00AM,BCN3204,MENTAL,HEALTH AND PSYCHIATRIC NURSING II MATE ESTHER,34,FLT 25
WED 17TH DEC 2025,8:00-10:00AM,BCP1204,LIFE,SKILLS IN COUNSELLING KARIMI JANE DR,58,CTA 6
WED 17TH DEC 2025,8:00-10:00AM,BCP2107,HUMA,N PSYCHOLOG Y MAROKO MOKUA DR,98,CC 2
WED 17TH DEC 2025,8:00-10:00AM,BDS1103,PROSTHETICS,I GICHEHA TIMOTHY,43,CT 7:3A
WED 17TH DEC 2025,8:00-10:00AM,BED3116,ECON,OMETRICS II WAHOME LUKE,31,FLT 22
WED 17TH DEC 2025,8:00-10:00AM,BED3232,Migrati on and Development,MWAKIO LOIZER,20,FLT 18
WED 17TH DEC 2025,8:00-10:00AM,BED4219,Develo pment Partners in Public Adminstration,WACHIRA MARY,9,FLT 28
WED 17TH DEC 2025,8:00-10:00AM,BET2201,Instructional Methods (BEDA) NA / MSD /,KJ,777,CC 8/7/6/5/4/3
WED 17TH DEC 2025,8:00-10:00AM,BET2201,Instructional Methods (BEDS/BSNE) NA / MSD /,KJ,478,INDOOR ARENA
WED 17TH DEC 2025,8:00-10:00AM,BET3205,Subject Methods,CRE KIMOTHO JOSEPH DR,132,MAIN HALL
WED 17TH DEC 2025,8:00-10:00AM,BHT1208,TOUR,OPERATIONS MBUTHIA SUSAN,76,MLT HALL A
WED 17TH DEC 2025,8:00-10:00AM,BHU4214,INTER,NATIONAL ORGANIZATION WASWA AMBROSE,120,CTA HALL
WED 17TH DEC 2025,8:00-10:00AM,BIT1112,Introduction to Computer Systems,MWINJI MARGARET,161,EH (MEN'S)
WED 17TH DEC 2025,8:00-10:00AM,BIT4122,Teleco mmunication Switching and Transmission Systems,WANJIRU CATHERINE,43,CT 8:3A
WED 17TH DEC 2025,8:00-10:00AM,BIT4131,Statistical Computing And Reporting Kaburu Dennis Dr,,4,FLT 28
WED 17TH DEC 2025,8:00-10:00AM,BIT4205,NETWO,RK PROGRAMM ING KEREU DUNCAN,55,CTA 3
WED 17TH DEC 2025,8:00-10:00AM,BJL1204,PUBLIC,SPEAKING NGURE FAITH,88,FLT 27
WED 17TH DEC 2025,8:00-10:00AM,BJL1206,CAMER,A OPERATION TECHNIQUES MWANGANGI MICHAEL,32,FLT 24
WED 17TH DEC 2025,8:00-10:00AM,BJL3221,Lighting and Rendering,MUNYAO ISABELLA,70,FLT 11
WED 17TH DEC 2025,8:00-10:00AM,BMA1205,Analytical geometry,ODUOR GRACE,89,FLT 33
WED 17TH DEC 2025,8:00-10:00AM,BMA3108,THEO,RY OF ESTIMATION KABUE TIMOTHY DR,39,CT 8:1A
WED 17TH DEC 2025,8:00-10:00AM,BML2117,Biochemical Techniques,WAITHAKA STANLEY DR,39,CT 2:4A
WED 17TH DEC 2025,8:00-10:00AM,BMM2106,Mycology,MAKHATSA WENSLEUS,137,CT HALL
WED 17TH DEC 2025,8:00-10:00AM,BMP1208,Human Physiology II (Oral Health),THUO YVONNE,16,FLT 17
WED 17TH DEC 2025,8:00-10:00AM,BND1301,Nutrition And Health,MWENDA MERCY,89,FLT 32
WED 17TH DEC 2025,8:00-10:00AM,BPL5104,Pharmacology Xiii (Chemothera py Of Neoplastic Diseases),MUNGOMA MICHAEL DR,111,CC 1
WED 17TH DEC 2025,8:00-10:00AM,HBCU001,Research Methodology,OGOLLA JARED,139,BL5 HALL
WED 17TH DEC 2025,11:00AM-1:00PM,BBM1201,Principles & Practice of Management (ALL OTHER PROGS),KATHAMBI FLORENCE,450,INDOOR ARENA
WED 17TH DEC 2025,11:00AM-1:00PM,BBM1201,Principles & Practice of Management (BBIT),KATHAMBI FLORENCE,199,CTA HALL/CTA 6
WED 17TH DEC 2025,11:00AM-1:00PM,BCH1104,,PHYSICAL CHEMISTRY I MAIYO WILSON,90,CC 2
WED 17TH DEC 2025,11:00AM-1:00PM,BCM2112,Embryology,KABAYA KIBE DR,68,FLT 39
WED 17TH DEC 2025,11:00AM-1:00PM,BDS3101,Cobalt Chrome,III KANGOGO JOSEPH,42,CT 8:1A
WED 17TH DEC 2025,11:00AM-1:00PM,BDS3210,PAEDONTICS,II WAWERU LUCY DR,72,FLT HALL II
WED 17TH DEC 2025,11:00AM-1:00PM,BED2206,Interm ediate Microeconomics,NJUKI HUMPREY,337,CC 7/8
WED 17TH DEC 2025,11:00AM-1:00PM,BED4204,Project Financing and Sustainability,NGOTHO JOHN,46,CT 7:3A
WED 17TH DEC 2025,11:00AM-1:00PM,BEG3136,HOUSING,POLICY LINGULI GODFREY,63,FLT 33
WED 17TH DEC 2025,11:00AM-1:00PM,BEG4145,Well Logging And Evaluation,ODEK ANTONY DR,31,FLT 17
WED 17TH DEC 2025,11:00AM-1:00PM,BEG4203,Embed ded Systems,MWANGI PETER DR,312,CC 4/5/6
WED 17TH DEC 2025,11:00AM-1:00PM,BHA1108,Human Anatomy And Physiology I (BHRIM/BHSM),KEROCHI ATEI DR,39,CT 2:2A
WED 17TH DEC 2025,11:00AM-1:00PM,BHA2104,Human Anatomy III (BSCN),WAWERU BRIAN DR,101,FLT HALL B
WED 17TH DEC 2025,11:00AM-1:00PM,BIT2119,Comput er Networks,WANJIRU CATHERINE,59,FLT 27
WED 17TH DEC 2025,11:00AM-1:00PM,BIT4201,Mobile Computing,GIKANDI JOYCE DR,137,BL5 HALL
WED 17TH DEC 2025,11:00AM-1:00PM,BJL3115,CHARA,CTER DESIGN FOR ANIMATIO N MUNYAO ISABELLA,34,FLT 11
WED 17TH DEC 2025,11:00AM-1:00PM,BJL4116,Film Festival and Adjudication,MURIMI MORES,41,CT 7:3A
WED 17TH DEC 2025,11:00AM-1:00PM,BJS1208,LAW,AND SOCIETY NJOKI KIMANI,96,CC 1
WED 17TH DEC 2025,11:00AM-1:00PM,BLA2215,Kiswahili Morphology and Syntax,NJOGU GLADYS,88,CC 3
WED 17TH DEC 2025,11:00AM-1:00PM,BML3106,Histology and Histopathology,MANDANIA ESTHER DR,34,CT 2:4A
WED 17TH DEC 2025,11:00AM-1:00PM,BMM1206,Medical Microbiology,II MAKHATSA WENSLEUS,34,CT 3:2A
WED 17TH DEC 2025,11:00AM-1:00PM,BMP1106,Medical Physiology I (Introduction To Medical Physiology) (BPHARM),MAPESA AMOS DR,104,FLT HALL A
WED 17TH DEC 2025,11:00AM-1:00PM,BPA2104,Pathophysiology,I KINOTI JUSTINE,62,FLT 32
WED 17TH DEC 2025,11:00AM-1:00PM,BPG4102,Pharm acognosy VI (Steroids),ONYANCHA JARED DR,152,MLT HALL A/B
WED 17TH DEC 2025,11:00AM-1:00PM,BPY3103,Practial Physics,I NDERITU MOSES,25,LAB
WED 17TH DEC 2025,2:00-4:00PM,BCN3103,MENTAL,HEALTH AND PSYCHIATRIC NURSING I GITONGA JOSEPHAT,60,FLT 39
WED 17TH DEC 2025,2:00-4:00PM,BCP1107,/1201-Human/Child Growth & Dvpt in Psychology,KARIMI JANE DR,56,FLT 33
WED 17TH DEC 2025,2:00-4:00PM,BEP3102,Comparative Education And Emerging Issues (BEDA) CN /,AN,535,CC 8/7/6/5
WED 17TH DEC 2025,2:00-4:00PM,BEP3102,Comparative Education And Emerging Issues (BEDS/BSNE) CN /,AN,82,CC 4
WED 17TH DEC 2025,2:00-4:00PM,BHR1201,Health Records Management,II MUDENYO MARK,14,FLT 17
WED 17TH DEC 2025,2:00-4:00PM,BHU1107,,SOURCES OF AFRICAN HISTORY OYUGI ODERA DR,444,INDOOR ARENA
WED 17TH DEC 2025,2:00-4:00PM,BIT3208,Advanc ed Web Design & Dev't,NYORO MICHAEL,117,BL5 HALL
WED 17TH DEC 2025,2:00-4:00PM,BIT4219,Cloud Computing,MWINJI MARGARET,48,FLT 32
MON 15TH DEC 2025,8:00-10:00AM,BJL4112,Experi mental Film Production,MUNYAO ISABELLA,72,FLT 11
WED 17TH DEC 2025,2:00-4:00PM,BLA3125,Theory & Methods in Oral Literature,MUHORO PETER DR,114,FLT HALL A
WED 17TH DEC 2025,2:00-4:00PM,BLW3103,Comp any Law,MACHIRA JOSEPH,186,CT HALL
WED 17TH DEC 2025,2:00-4:00PM,BMA2108,Ordinary Differential Equation (Ode),I NJOROGE JAMES,95,FLT HALL II
WED 17TH DEC 2025,2:00-4:00PM,BPA2103,Human Pathology,KABUBII ZELIPHA DR,96,FLT HALL B
WED 17TH DEC 2025,2:00-4:00PM,BPH4115,Applied Community Health Strategy,KEROCHI ATEI DR,15,FLT 18
WED 17TH DEC 2025,2:00-4:00PM,BPL2201,CLINICAL,PHARMACOLOGY IV MWANGI VIRGINIA,47,FLT 27
WED 17TH DEC 2025,2:00-4:00PM,BSE1103,Psycho -Educational Functional Assessment,KAKUI WELLINGTON,114,CTA HALL
WED 17TH DEC 2025,2:00-4:00PM,BSE1105,INTRODUCTION TO NEURO-PSYCH,OLOGY MATOLO JOSEPHINE DR,30,FLT 19
THUR 18TH DEC 2025,8:00-10:00AM,BAF1101,Financial Accounting I (BSCIT),KITHINJI NELSON,240,FLT 33/32/27
THUR 18TH DEC 2025,8:00-10:00AM,BAF1101,Financial Accounting I (ALL OTHER PROGS),KITHINJI NELSON,399,FLT HALL A/B/HALL II
THUR 18TH DEC 2025,8:00-10:00AM,BAF1101,Financial Accounting I (BBM),KITHINJI NELSON,89,FLT 39
THUR 18TH DEC 2025,8:00-10:00AM,BBM4117,Strate gic Business Management,NDAMBIRI SERAH,62,FLT 17/18
THUR 18TH DEC 2025,8:00-10:00AM,BBY3105,Industri al Biotechnology,GACHERI PURITY DR,27,FLT 19
THUR 18TH DEC 2025,8:00-10:00AM,BCH2202,Chemical thermodynamics,MAIYO WILSON,269,CT HALL
THUR 18TH DEC 2025,8:00-10:00AM,BCM3121,Surgery,II MUNYIRI SAMUEL,66,CT 8:1A
THUR 18TH DEC 2025,8:00-10:00AM,BDS2105,ORTHODONTICS,I MUNENE MARY,53,CT 2:2A/2:3A
THUR 18TH DEC 2025,8:00-10:00AM,BEP1102,Human Growth And Development (BEDA) MSD /,MS,1080,CC 8/7/6/5/4/3/2/1
THUR 18TH DEC 2025,8:00-10:00AM,BEP1102,Human Growth And Development (BEDS/BSNE) MSD /,MS,495,INDOOR ARENA
THUR 18TH DEC 2025,8:00-10:00AM,BEP2201,Guidan ce & Counseling In Education,KIRAGU TERRY DR,153,CTA HALL
THUR 18TH DEC 2025,8:00-10:00AM,BET3207,Subject Methods History,,161,MLT HALL A/B
THUR 18TH DEC 2025,8:00-10:00AM,BET3210,Subject Methods Maths,NJOROGE BENSON DR,164,MAIN HALL (1ST FLR & GRND FLR)
THUR 18TH DEC 2025,8:00-10:00AM,BHT1103,INTRO D.,TO HOSPITALITY AND TOURISM ODHUNO EDWIN PROF,78,CT 8:3A/8:2A
THUR 18TH DEC 2025,8:00-10:00AM,BHU2206,Survey of world history,II NDOGOTO TABITHA,160,CTA 3/4
THUR 18TH DEC 2025,8:00-10:00AM,BHU3130,Advanced Research Methods In International Relations,MUHINDI SOLOMON DR,76,CT 7:3A/7:2A
THUR 18TH DEC 2025,8:00-10:00AM,BIT3224,Computi ng Projects Development Approaches,NDINDA WILKISTER,172,EH (MEN'S)
THUR 18TH DEC 2025,8:00-10:00AM,BMA2213,Statisti cs and Probability For Science,KALOKI MIRIAM,25,FLT 24
THUR 18TH DEC 2025,8:00-10:00AM,BMA2214,Statistical Inference,I KABUE TIMOTHY DR,49,CT 2:4A/2:5A
THUR 18TH DEC 2025,8:00-10:00AM,BMB1104,Biochemistry I (Introduction To Biochemistry) (BSCOH),SIFUNA PAUL DR,45,CT 3:2A/3:3A
THUR 18TH DEC 2025,8:00-10:00AM,BMP1202,Human Physiology III (BSCN),GITAU WILLIAM DR,66,FLT 13/14
THUR 18TH DEC 2025,8:00-10:00AM,BND2209,Food Science And Technology,II MWENDA MERCY,63,FLT 15/16
THUR 18TH DEC 2025,8:00-10:00AM,BND4108,NUTRI TION IN HIV &,AIDS WAHOME EMILY,21,FLT 25
THUR 18TH DEC 2025,8:00-10:00AM,BPA2101,Human Pathology,I SAVWA BRIAN DR,181,BL5 HALL
THUR 18TH DEC 2025,8:00-10:00AM,BPL2102,General Pharmacology (BCM),KABUBII ZELIPHA DR,56,FLT 21/22
THUR 18TH DEC 2025,8:00-10:00AM,BPT5102,Pharm aceutics X (Pharmaceutical Microbiology),WAMAITHA NICOLE DR,111,CTA 6/5
THUR 18TH DEC 2025,8:00-10:00AM,MIT5116,Information Law and Policy,,,FLT 28
THUR 18TH DEC 2025,11:00AM-1:00PM,BAF2103,Quantit ative Techniques,MUNYUA JOHN,87,CC 2
THUR 18TH DEC 2025,11:00AM-1:00PM,BBM3227,Sourci ng & Contracts Management,LINGULI GODFREY,78,CC 1
THUR 18TH DEC 2025,11:00AM-1:00PM,BBM4220,Interna tional Supplies Mgt,MWANGI WILLIAM,72,CC 4
THUR 18TH DEC 2025,11:00AM-1:00PM,BBY2106,"Entom ology, Pest & Pest Mngt",TANUI PRISCA,51,FLT 32
THUR 18TH DEC 2025,11:00AM-1:00PM,BCH3103,Comparative Study of S&P Block Elements NDUNG'U,ESTHER,35,MLT HALL B
THUR 18TH DEC 2025,11:00AM-1:00PM,BCP4205,Work Place Counsellin g K'OKUL FLORENCE DR.,,17,FLT 18
THUR 18TH DEC 2025,11:00AM-1:00PM,BDS2209,Cariology I,,31,FLT 16
THUR 18TH DEC 2025,11:00AM-1:00PM,BDS3107,Oral Biology,II MACHARIA JULIUS DR,36,MLT HALL B
THUR 18TH DEC 2025,11:00AM-1:00PM,BED1226,Geogr aphical Determination of Development,OCHOLLA GORDON DR,34,FLT 17
THUR 18TH DEC 2025,11:00AM-1:00PM,BEG2112,Digital Electronics & Devices (ALL OTHER PROGS) PM /,FM,379,CC 8/7
THUR 18TH DEC 2025,11:00AM-1:00PM,BEG2112,Digital Electronics & Devices (BSCIT) PM /,FM,233,CC 5/6
THUR 18TH DEC 2025,11:00AM-1:00PM,BET3201,Subject Methods English,NABEA JANE,294,FLT HALL A/B
THUR 18TH DEC 2025,11:00AM-1:00PM,BHA1102,Introdu ction to Human Anatomy,WANGUI MARY DR,44,FLT 39
THUR 18TH DEC 2025,11:00AM-1:00PM,BHA1202,HUMAN,ANATOMY AND PHYSIOLOGY II KABAYA KIBE DR,64,FLT HALL II
THUR 18TH DEC 2025,11:00AM-1:00PM,BHR3201,Health Records Management,III MUDENYO MARK,24,FLT 14
THUR 18TH DEC 2025,11:00AM-1:00PM,BJL1207,,INTRODUCTION TO TRADITIONA L AFRICAN THEATRE MUNYAO ISABELLA,40,MLT HALL A
THUR 18TH DEC 2025,11:00AM-1:00PM,BJL2207,SPORT,S JOURNALISM MURIUKI ROBERT,103,CC 3
THUR 18TH DEC 2025,11:00AM-1:00PM,BLA1110,USE,OF ENGLISH FOR ACADEMIC PURPOSE AREGE JACKLINE DR,450,INDOOR ARENA
THUR 18TH DEC 2025,11:00AM-1:00PM,BLW1215,Introduction To Criminology,WACHIRA MARY,3,FLT 21
THUR 18TH DEC 2025,11:00AM-1:00PM,BMM4203,Virology II (BMLS REG),KARIUKI STEPHEN,29,FLT 15
THUR 18TH DEC 2025,11:00AM-1:00PM,BMS2210,Medical Surgical Nursing,V AKINYI VERA,47,FLT 27
THUR 18TH DEC 2025,11:00AM-1:00PM,BPA2102,Human Pathology II (BSCN),KIMANI RACHAEL DR,64,FLT 33
THUR 18TH DEC 2025,11:00AM-1:00PM,BPA2201,Clinical pathology,I GONTIER CHRISTOPHER DR,34,FLT 1
THUR 18TH DEC 2025,11:00AM-1:00PM,BPG2201,Pharmacognosy,AMWAYI ELIZABETH DR,13,FLT 19
THUR 18TH DEC 2025,11:00AM-1:00PM,BPH1211,Introduction To Health Systems Management,OGOLLA JARED,5,FLT 21
THUR 18TH DEC 2025,11:00AM-1:00PM,BPT4103,Pharmacy Management,I KISENGI JOHN DR,151,CT HALL
THUR 18TH DEC 2025,2:00-4:00PM,BBM2208,Strate gic Planning in the Public and Non Profit Sectors,NDAMBIRI SERAH,41,FLT 32
THUR 18TH DEC 2025,2:00-4:00PM,BED3104,Interm ediate Macro-Economic s,NJUKI HUMPREY,64,MLT HALL B
THUR 18TH DEC 2025,2:00-4:00PM,BEG1109,Computer Architecture And Design For Engineers MULEI FREDRICK ENG.,,31,FLT 18
THUR 18TH DEC 2025,2:00-4:00PM,BHU4107,Initiation Rites and Christian Sacraments,KINUTHIA REGINA DR,152,BL5 HALL
THUR 18TH DEC 2025,2:00-4:00PM,BIT1102,Introduc tion to programming and algorithms (BSCCS/BBIT),ONDIBA ANN,237,FLT HALL A/B
THUR 18TH DEC 2025,2:00-4:00PM,BIT1102,Introduc tion to programming and algorithms (BSCIT),ONDIBA ANN,229,FLT HALL II/39
THUR 18TH DEC 2025,2:00-4:00PM,BIT2214,Introduction to Computer Interactive Statistics,KEREU DUNCAN,29,FLT 15
THUR 18TH DEC 2025,2:00-4:00PM,BIT4105,Advanc ed Business Data Structures & Comp Algorithms,OWINO ELKANA,69,MLT HALL A
THUR 18TH DEC 2025,2:00-4:00PM,BIT4131,Statistic al Computing and Reporting,KABURU DENIS DR,79,CC 2
THUR 18TH DEC 2025,2:00-4:00PM,BLA1102,FREN,CH I MUNGAI JOHN DR,192,CT HALL
THUR 18TH DEC 2025,2:00-4:00PM,BMA4105,Actuarial Mathematics,III GIKONYO JOHN,64,FLT 33
THUR 18TH DEC 2025,2:00-4:00PM,BMM2111,Microbiology II (Medical Bacteriology),MAKHATSA WENSLEUS,15,FLT 14
THUR 18TH DEC 2025,2:00-4:00PM,BMS1104,FUNDAMENTALS,OF NURSING PRACTICE I KARONJO JANE DR,95,CC 1
THUR 18TH DEC 2025,2:00-4:00PM,BMS3202,"TRAUMA & EMERGENCY,FORENSIC &",PREOPERATIVE NURSING II NJOROGE GEORGE DR,34,FLT 17
THUR 18TH DEC 2025,2:00-4:00PM,BSE4202,Intro. to Behaviour Modification KIMANI CECILIA DR.,,30,FLT 16
THUR 18TH DEC 2025,2:00-4:00PM,EBCU001,Research Methods in Education (BEDA) JK / KA /,AN,771,CC 8/7/6/5/4/3
THUR 18TH DEC 2025,2:00-4:00PM,EBCU001,Research Methods in Education (BEDS/BSNE) JK / KA /,AN,474,INDOOR ARENA
THUR 18TH DEC 2025,2:00-4:00PM,MIT6123,Advanced Network Programming,,,FLT 13
FRI 19TH DEC 2025,8:00-10:00AM,BBY3210,Medical Genetics,GACHERI PURITY DR,22,FLT 36
FRI 19TH DEC 2025,8:00-10:00AM,BED1106,Intro. to Anthropology,MUTUNDU KENNEDY PROF,3,FLT 30
FRI 19TH DEC 2025,8:00-10:00AM,BED1227,Rural and Urban Development,OCHOLLA GORDON DR,82,CC 6
FRI 19TH DEC 2025,8:00-10:00AM,BED3124,Local Government Administration,MACHIRA JOSEPH,13,FLT 34
FRI 19TH DEC 2025,8:00-10:00AM,BED4112,Econo mics of Public Finance,MWANGI MAURICE,37,FLT 37
FRI 19TH DEC 2025,8:00-10:00AM,BEG2216,HEAT AND THERMOD YNAMICS MULEI FREDRICK ENG.,,53,FLT 33
FRI 19TH DEC 2025,8:00-10:00AM,BEG2222,ENGINEERING,MATHEMATICS II ODUOR GRACE,45,CT 8:1A
FRI 19TH DEC 2025,8:00-10:00AM,BHT4107,SPORT LEISURE &,RECREATION KITOTO JACOB DR,40,CT 7:3A
FRI 19TH DEC 2025,8:00-10:00AM,BHU1214,Princip les of archeology,NDOGOTO TABITHA,73,CC 4
FRI 19TH DEC 2025,8:00-10:00AM,BIT4204,E-Commerce (ALL OTHER PROGS),NM,418,INDOOR ARENA
FRI 19TH DEC 2025,8:00-10:00AM,BIT4204,E-Commerce (BBIT),NM,121,CTA HALL
FRI 19TH DEC 2025,8:00-10:00AM,BIT4209,DISTRI,BUTED SYSTEMS NDINDA WILKISTER,78,CC 5
FRI 19TH DEC 2025,8:00-10:00AM,BJL4105,SOUND,PRODUCTION AND TECHNIQUE S MWANGANGI MICHAEL,53,FLT 32
FRI 19TH DEC 2025,8:00-10:00AM,BLA3129,Theatre Arts & Drama,,245,CT HALL
FRI 19TH DEC 2025,8:00-10:00AM,BMA3104,Time Series,KABUE TIMOTHY DR,260,FLT HALL A/B
FRI 19TH DEC 2025,8:00-10:00AM,BMA4103,NON,PARAMETRIC METHODS GIKONYO JOHN,19,FLT 35
FRI 19TH DEC 2025,8:00-10:00AM,BMM2102,Immunology (BSCN),GITAU PETER,169,CC 8
FRI 19TH DEC 2025,8:00-10:00AM,BMS2101,MEDICAL,SURGICAL NURSING I WAWERU LUCY,62,FLT HALL II
FRI 19TH DEC 2025,8:00-10:00AM,BND3106,FOOD HYGIENE &,SAFETY MWENDA MERCY,55,FLT 39
FRI 19TH DEC 2025,8:00-10:00AM,BPH1202,Epidemiology For Community Health,MUTHOKI LYNNET,70,CC 3
FRI 19TH DEC 2025,8:00-10:00AM,BPH3114,Applied Epidemiology,II MUTHOKI LYNNET,48,CT 7:3A
FRI 19TH DEC 2025,8:00-10:00AM,BPH3218,Health Systems Management,II AMATU MARY DR,67,CC 2
FRI 19TH DEC 2025,8:00-10:00AM,BPL2102,General Pharmacology (BHRIM),KABUBII ZELIPHA DR,12,FLT 31
FRI 19TH DEC 2025,8:00-10:00AM,BPL3102,Pharmacology I (Introduction to Pharmacology) (BSCOH),OBAT RHODA DR,64,CC 1
FRI 19TH DEC 2025,8:00-10:00AM,BPT5105,Forensic Pharmacy,I KISENGI JOHN DR,110,CC 7
FRI 19TH DEC 2025,8:00-10:00AM,BPY1105,Associated Science,I ADERO OCHIENG DR,50,FLT 27
FRI 19TH DEC 2025,11:00AM-1:00PM,BBM3114,Interna tional Business,MACHIRA JOSEPH,124,BL5 HALL
FRI 19TH DEC 2025,11:00AM-1:00PM,BBM4214,Total Quality Mngt,WAMBUI KAMAU IVY,93,CC 5
FRI 19TH DEC 2025,11:00AM-1:00PM,BBY4130,Medica l Entomology,TANUI PRISCA,89,CC 4
FRI 19TH DEC 2025,11:00AM-1:00PM,BCN2201,,COMMUNITY HEALTH NURSING II MUTIE CYRUS,47,FLT 32
FRI 19TH DEC 2025,11:00AM-1:00PM,BDS2102,CROWN,AND BRIDGE I KANGOGO JOSEPH,52,FLT 33
FRI 19TH DEC 2025,11:00AM-1:00PM,BDS3207,ORAL,BIOLOGY III MACHARIA JULIUS DR,83,CC 3
FRI 19TH DEC 2025,11:00AM-1:00PM,BEC4202,Compa rative Education in ECDE & Primary Education,KAMAU BONIFACE DR,13,FLT 14
FRI 19TH DEC 2025,11:00AM-1:00PM,BED1124,ECONOMICS,FOR ACTUARIAL I WAHOME LUKE,21,FLT 16
FRI 19TH DEC 2025,11:00AM-1:00PM,BEG4117,Buildin g Surveying,LINGULI GODFREY,37,FLT 39
FRI 19TH DEC 2025,11:00AM-1:00PM,BHA2104,Human Anatomy III (BCM),MUTHONI PERIS DR,66,CC 2
FRI 19TH DEC 2025,11:00AM-1:00PM,BHR2104,MEDIC,AL STATISTIC FOR HEALTH CARE PROFESS IONALS MUDENYO MARK,16,FLT 15
FRI 19TH DEC 2025,11:00AM-1:00PM,BIT1106,Introd to Computer Application Packages/ Computer Technology,WANJIRU CATHERINE,302,CC 7/8
FRI 19TH DEC 2025,11:00AM-1:00PM,BIT1201,DATAB,ASE SYSTEMS MWINJI MARGARET,60,CC 1
FRI 19TH DEC 2025,11:00AM-1:00PM,BJL1104,Introduc tion to Public Relations,MURIUKI ROBERT,134,FLT HALL
FRI 19TH DEC 2025,11:00AM-1:00PM,BJL1202,THEOR,IES AND MODELS OF MASS COMMUNICATI ON WAMATHU JANE,107,CC 6
FRI 19TH DEC 2025,11:00AM-1:00PM,BMA1207,/ 1103-Introduction to Business mathematics,CHEROTICH ABIGAEL,393,INDOOR ARENA
FRI 19TH DEC 2025,11:00AM-1:00PM,BMP1113,Human Physiology I (Oral Health),THUO YVONNE,44,FLT 27
FRI 19TH DEC 2025,11:00AM-1:00PM,BMW3101,MIDWIFERY,V KAMAU MARY,56,FLT HALL II
FRI 19TH DEC 2025,2:00-4:00PM,BAF4209,Financi al Modeling & Forecasting,MOSOTI JARED,29,FLT 16
FRI 19TH DEC 2025,2:00-4:00PM,BBM2102,Introdu ction to Purchasing & Supplies,NDEGE VIOLET,111,BL5 HALL
FRI 19TH DEC 2025,2:00-4:00PM,BBY1103,Cell Biology And Genetics,WAIGANJO BIBIAN DR,207,CC 1/2
FRI 19TH DEC 2025,2:00-4:00PM,BBY1210,Taxono my,MUSEVE JUDITH DR,52,FLT 27
FRI 19TH DEC 2025,2:00-4:00PM,BED2110,MATHEMATICS,FOR ECONOMISTS I MWANGI MAURICE,20,FLT 14
FRI 19TH DEC 2025,2:00-4:00PM,BEG1209,Calculus For Engineers,I ODUOR GRACE,29,FLT 15
FRI 19TH DEC 2025,2:00-4:00PM,BEM4109,Educational Administration And Planning (BEDA) RK / MM /,JN,772,CC 8/7/6/5/4/3
FRI 19TH DEC 2025,2:00-4:00PM,BEM4109,Educational Administration And Planning (BEDS/BSNE) RK / MM /,JN,386,INDOOR ARENA
FRI 19TH DEC 2025,2:00-4:00PM,BHA2113,HUMAN,ANATOMY V MUTHONI PERIS DR,35,CT 2:2A
FRI 19TH DEC 2025,2:00-4:00PM,BHT2108,FOUN,DATIONS OF FOOD PREPARATION GITONGA BETTY,57,FLT 32
FRI 19TH DEC 2025,2:00-4:00PM,BHU4121,Enviro nmental Conservation,OBIERO KENNEDY DR,235,CT HALL
FRI 19TH DEC 2025,2:00-4:00PM,BIT4202,Artificial Intelligence,MWAI ELENA,304,FLT HALL A/B/HALL II
FRI 19TH DEC 2025,2:00-4:00PM,BPH1208,Principl es of community Health,KIMANI EUNICE DR,68,FLT 33
FRI 19TH DEC 2025,2:00-4:00PM,BPH4219,Environmental Impact Assessment,II OGUTA ZADDOC,76,FLT 39
FRI 19TH DEC 2025,2:00-4:00PM,BPY4102,Electricity And Magnetism,ADERO OCHIENG DR,6,FLT 17
SAT 20TH DEC 2025,8:00-10:00AM,PBCU001,Research Methodology,,113,BL5 HALL
